ticker,type,price,date,percent,atr_pct
BSR,2,13.13,2022-05-23,30,3.8898
BSR,1,19.13,2022-06-16,30,3.8898
BSR,2,5.72,2022-11-16,30,3.8898
BSR,1,15.21,2024-09-26,30,3.8898
BSR,2,9.01,2025-04-09,30,3.8898
BSR,1,19.47,2025-08-21,30,3.8898
BSR,2,13.5,2025-12-15,30,3.8898
BSR,1,39.6,2026-03-09,30,3.8898
BSR,2,23.15,2026-04-29,30,3.8898
BSR,1,33.95,2026-05-18,30,3.8898
APS,1,20.26,2022-05-23,45,5.7934
APS,2,10.37,2022-06-21,45,5.7934
APS,1,19.0,2022-08-24,45,5.7934
APS,2,3.68,2022-11-16,45,5.7934
APS,1,15.8,2023-05-31,45,5.7934
APS,2,5.23,2023-07-12,45,5.7934
APS,1,9.79,2023-09-06,45,5.7934
APS,2,5.04,2024-05-06,45,5.7934
APS,1,9.3,2024-05-31,45,5.7934
APS,2,4.4,2025-04-09,45,5.7934
APS,1,14.2,2025-08-05,45,5.7934
APS,2,5.6,2026-05-12,45,5.7934
C4G,1,13.57,2022-05-23,30,4.2435
C4G,2,8.12,2022-06-21,30,4.2435
C4G,1,13.75,2022-09-23,30,4.2435
C4G,2,6.83,2022-10-27,30,4.2435
C4G,1,9.05,2022-11-03,30,4.2435
C4G,2,4.62,2022-11-16,30,4.2435
C4G,1,15.6,2023-09-13,30,4.2435
C4G,2,9.6,2023-11-01,30,4.2435
C4G,1,12.7,2023-12-07,30,4.2435
C4G,2,5.6,2025-04-09,30,4.2435
C4G,1,10.9,2025-08-19,30,4.2435
C4G,2,6.4,2026-03-09,30,4.2435
JVC,1,6.68,2022-05-23,30,3.8727
JVC,2,4.0,2022-06-22,30,3.8727
JVC,1,6.19,2022-08-09,30,3.8727
JVC,2,2.15,2022-11-16,30,3.8727
JVC,1,4.81,2023-08-10,30,3.8727
JVC,2,2.85,2023-11-01,30,3.8727
JVC,1,5.77,2025-03-25,30,3.8727
JVC,2,3.92,2025-04-09,30,3.8727
JVC,1,9.1,2025-10-08,30,3.8727
JVC,2,3.78,2026-05-20,30,3.8727
BSI,2,17.63,2022-05-23,30,4.0165
BSI,1,23.39,2022-06-08,30,4.0165
BSI,2,13.51,2022-06-21,30,4.0165
BSI,1,22.68,2022-08-25,30,4.0165
BSI,2,8.23,2022-11-16,30,4.0165
BSI,1,55.59,2024-04-03,30,4.0165
BSI,2,36.17,2024-08-02,30,4.0165
BSI,1,58.3,2025-08-21,30,4.0165
BSI,2,31.85,2026-03-23,30,4.0165
GEG,2,16.73,2022-05-23,25,3.2261
GEG,1,22.71,2022-06-20,25,3.2261
GEG,2,7.62,2022-11-16,25,3.2261
GEG,1,15.22,2023-06-08,25,3.2261
GEG,2,10.8,2023-11-01,25,3.2261
GEG,1,15.62,2024-07-15,25,3.2261
GEG,2,9.95,2024-11-04,25,3.2261
GEG,1,17.57,2025-08-04,25,3.2261
GEG,2,13.14,2025-12-16,25,3.2261
GEG,1,16.62,2026-03-26,25,3.2261
GEX,1,14.16,2022-05-23,30,4.0674
GEX,2,6.82,2022-11-16,30,4.0674
GEX,1,10.84,2022-12-12,30,4.0674
GEX,2,7.14,2023-03-01,30,4.0674
GEX,1,16.69,2023-09-13,30,4.0674
GEX,2,10.7,2023-11-01,30,4.0674
GEX,1,16.49,2024-04-02,30,4.0674
GEX,2,10.84,2024-11-20,30,4.0674
GEX,1,45.3,2025-10-17,30,4.0674
GEX,2,21.51,2026-03-10,30,4.0674
GEX,1,37.45,2026-05-19,30,4.0674
BVH,2,42.08,2022-05-23,20,2.715
BVH,1,51.3,2022-09-05,20,2.715
BVH,2,35.05,2022-11-16,20,2.715
BVH,1,47.02,2023-02-01,20,2.715
BVH,2,35.04,2023-11-01,20,2.715
BVH,1,58.53,2025-02-27,20,2.715
BVH,2,38.33,2025-04-09,20,2.715
BVH,1,64.21,2025-08-18,20,2.715
BVH,2,46.17,2025-10-20,20,2.715
BVH,1,88.5,2026-04-02,20,2.715
BVH,2,62.9,2026-05-11,20,2.715
ASM,2,12.14,2022-05-23,25,3.26
ASM,1,15.39,2022-06-08,25,3.26
ASM,2,9.45,2022-07-07,25,3.26
ASM,1,13.21,2022-09-15,25,3.26
ASM,2,5.06,2022-11-16,25,3.26
ASM,1,10.15,2023-07-28,25,3.26
ASM,2,6.53,2023-11-01,25,3.26
ASM,1,11.18,2024-04-03,25,3.26
ASM,2,5.36,2025-04-09,25,3.26
ASM,1,8.67,2025-09-29,25,3.26
ASM,2,5.3,2026-03-23,25,3.26
BVS,1,18.04,2022-05-23,30,4.2675
BVS,2,12.22,2022-06-22,30,4.2675
BVS,1,20.82,2022-08-25,30,4.2675
BVS,2,9.1,2022-11-16,30,4.2675
BVS,1,46.76,2024-06-12,30,4.2675
BVS,2,27.2,2024-08-02,30,4.2675
BVS,1,42.52,2024-10-02,30,4.2675
BVS,2,29.75,2025-02-04,30,4.2675
BVS,1,40.45,2025-03-07,30,4.2675
BVS,2,25.52,2025-04-11,30,4.2675
BVS,1,43.94,2025-09-03,30,4.2675
BVS,2,24.2,2026-03-23,30,4.2675
BVB,1,11.32,2022-05-23,25,3.4256
BVB,2,4.81,2022-11-16,25,3.4256
BVB,1,14.99,2025-02-26,25,3.4256
BVB,2,9.4,2025-04-09,25,3.4256
BVB,1,17.7,2025-08-22,25,3.4256
BVB,2,11.3,2025-11-25,25,3.4256
BVB,1,15.1,2026-01-23,25,3.4256
BVB,2,10.7,2026-04-24,25,3.4256
GIL,2,35.32,2022-05-23,30,3.8854
GIL,1,46.71,2022-06-08,30,3.8854
GIL,2,10.87,2022-11-15,30,3.8854
GIL,1,20.23,2022-12-05,30,3.8854
GIL,2,11.73,2022-12-27,30,3.8854
GIL,1,25.8,2023-09-22,30,3.8854
GIL,2,14.24,2023-11-01,30,3.8854
GIL,1,27.17,2024-03-29,30,3.8854
GIL,2,13.25,2025-04-11,30,3.8854
GIL,1,21.75,2025-08-27,30,3.8854
GIL,2,12.45,2026-05-20,30,3.8854
OIL,1,13.18,2022-05-23,30,4.1042
OIL,2,5.03,2022-11-16,30,4.1042
OIL,1,15.61,2024-08-12,30,4.1042
OIL,2,7.98,2025-04-09,30,4.1042
OIL,1,26.1,2026-03-09,30,4.1042
OIL,2,12.5,2026-04-09,30,4.1042
OIL,1,17.4,2026-05-18,30,4.1042
YEG,2,7.62,2022-05-23,30,4.3728
YEG,1,12.92,2022-06-09,30,4.3728
YEG,2,8.83,2022-06-23,30,4.3728
YEG,1,12.22,2022-07-29,30,4.3728
YEG,2,2.98,2022-11-16,30,4.3728
YEG,1,5.81,2022-12-12,30,4.3728
YEG,2,3.88,2023-01-17,30,4.3728
YEG,1,10.85,2023-12-29,30,4.3728
YEG,2,7.26,2024-04-16,30,4.3728
YEG,1,21.18,2024-12-26,30,4.3728
YEG,2,12.21,2025-01-16,30,4.3728
YEG,1,15.99,2025-03-04,30,4.3728
YEG,2,9.72,2025-04-09,30,4.3728
YEG,1,15.33,2025-08-14,30,4.3728
YEG,2,8.98,2026-03-24,30,4.3728
KBC,2,29.65,2022-05-23,25,3.5111
KBC,1,39.7,2022-08-02,25,3.5111
KBC,2,13.25,2022-11-10,25,3.5111
KBC,1,27.4,2023-01-30,25,3.5111
KBC,2,20.5,2023-03-01,25,3.5111
KBC,1,36.6,2023-09-21,25,3.5111
KBC,2,25.2,2023-10-31,25,3.5111
KBC,1,36.3,2024-03-27,25,3.5111
KBC,2,24.2,2024-08-05,25,3.5111
KBC,1,31.3,2025-03-31,25,3.5111
KBC,2,20.05,2025-04-17,25,3.5111
KBC,1,43.1,2025-09-05,25,3.5111
KBC,2,26.4,2026-03-24,25,3.5111
KBC,1,35.95,2026-04-20,25,3.5111
OCB,1,10.15,2022-05-23,20,2.5484
OCB,2,5.86,2022-10-12,20,2.5484
OCB,1,9.62,2023-02-06,20,2.5484
OCB,2,7.56,2023-03-23,20,2.5484
OCB,1,12.03,2024-02-19,20,2.5484
OCB,2,7.92,2025-04-09,20,2.5484
OCB,1,15.4,2025-08-22,20,2.5484
OCB,2,10.4,2026-03-09,20,2.5484
GAS,2,69.05,2022-05-23,20,2.4294
GAS,1,90.0,2022-06-17,20,2.4294
GAS,2,63.89,2022-07-07,20,2.4294
GAS,1,82.8,2022-11-17,20,2.4294
GAS,2,63.2,2023-05-05,20,2.4294
GAS,1,80.0,2023-09-18,20,2.4294
GAS,2,47.85,2025-04-09,20,2.4294
GAS,1,131.5,2026-03-04,20,2.4294
GAS,2,73.0,2026-04-29,20,2.4294
GAS,1,95.5,2026-05-18,20,2.4294
TLH,1,10.65,2022-05-23,25,3.681
TLH,2,6.52,2022-06-22,25,3.681
TLH,1,9.63,2022-09-15,25,3.681
TLH,2,3.57,2022-11-16,25,3.681
TLH,1,6.63,2022-12-20,25,3.681
TLH,2,4.97,2022-12-27,25,3.681
TLH,1,10.25,2023-09-25,25,3.681
TLH,2,6.14,2023-11-01,25,3.681
TLH,1,9.2,2024-03-19,25,3.681
TLH,2,6.81,2024-04-23,25,3.681
TLH,1,9.1,2024-06-24,25,3.681
TLH,2,4.06,2025-02-03,25,3.681
TLH,1,6.43,2025-03-04,25,3.681
TLH,2,4.26,2025-04-09,25,3.681
TLH,1,6.7,2025-08-01,25,3.681
TLH,2,4.34,2026-05-06,25,3.681
AAA,1,11.81,2022-05-23,25,3.074
AAA,2,5.09,2022-11-16,25,3.074
AAA,1,12.15,2023-07-26,25,3.074
AAA,2,7.59,2023-10-27,25,3.074
AAA,1,12.1,2024-07-16,25,3.074
AAA,2,6.15,2025-04-17,25,3.074
AAA,1,8.97,2025-12-09,25,3.074
AAA,2,6.65,2026-03-23,25,3.074
TLG,2,28.02,2022-05-23,20,2.9227
TLG,1,48.28,2022-09-12,20,2.9227
TLG,2,23.53,2022-11-16,20,2.9227
TLG,1,44.6,2023-07-05,20,2.9227
TLG,2,33.03,2024-02-26,20,2.9227
TLG,1,59.27,2024-12-27,20,2.9227
TLG,2,35.37,2025-04-09,20,2.9227
TLG,1,59.48,2025-12-08,20,2.9227
TLG,2,46.03,2025-12-26,20,2.9227
FRT,2,49.43,2022-05-23,25,3.2986
FRT,1,71.71,2022-06-20,25,3.2986
FRT,2,46.66,2022-08-01,25,3.2986
FRT,1,64.53,2022-09-12,25,3.2986
FRT,2,42.17,2022-10-10,25,3.2986
FRT,1,58.32,2022-11-01,25,3.2986
FRT,2,38.44,2022-11-16,25,3.2986
FRT,1,167.5,2025-01-24,25,3.2986
FRT,2,96.87,2025-04-09,25,3.2986
FRT,1,181.0,2026-02-02,25,3.2986
FRT,2,128.5,2026-05-20,25,3.2986
BCC,1,14.51,2022-05-23,30,4.0701
BCC,2,4.37,2022-11-16,30,4.0701
BCC,1,14.32,2023-08-01,30,4.0701
BCC,2,7.61,2023-11-01,30,4.0701
BCC,1,10.08,2024-02-20,30,4.0701
BCC,2,5.8,2025-04-09,30,4.0701
BCC,1,9.9,2025-08-08,30,4.0701
BCC,2,6.7,2026-03-10,30,4.0701
BCM,1,72.5,2022-05-23,20,2.8612
BCM,2,55.59,2022-07-11,20,2.8612
BCM,1,97.24,2022-09-19,20,2.8612
BCM,2,65.81,2022-11-15,20,2.8612
BCM,1,82.15,2023-02-21,20,2.8612
BCM,2,53.97,2023-11-01,20,2.8612
BCM,1,68.75,2024-03-08,20,2.8612
BCM,2,48.79,2024-04-23,20,2.8612
BCM,1,81.0,2025-03-18,20,2.8612
BCM,2,48.95,2025-04-17,20,2.8612
BCM,1,82.27,2026-01-20,20,2.8612
BCM,2,49.75,2026-03-23,20,2.8612
ACB,1,13.75,2022-05-23,15,1.9794
ACB,2,10.22,2022-10-11,15,1.9794
ACB,1,13.48,2022-11-01,15,1.9794
ACB,2,10.49,2022-11-16,15,1.9794
ACB,1,22.39,2025-03-07,15,1.9794
ACB,2,17.34,2025-04-09,15,1.9794
ACB,1,29.5,2025-08-21,15,1.9794
ACB,2,21.7,2026-03-09,15,1.9794
FTS,1,14.65,2022-05-23,30,4.0616
FTS,2,9.87,2022-06-21,30,4.0616
FTS,1,19.79,2022-08-26,30,4.0616
FTS,2,6.11,2022-11-16,30,4.0616
FTS,1,26.66,2023-10-12,30,4.0616
FTS,2,17.46,2023-11-01,30,4.0616
FTS,1,39.01,2024-06-13,30,4.0616
FTS,2,27.0,2024-08-02,30,4.0616
FTS,1,41.77,2025-03-10,30,4.0616
FTS,2,28.0,2025-04-22,30,4.0616
FTS,1,40.23,2025-07-29,30,4.0616
FTS,2,21.36,2026-03-23,30,4.0616
BFC,2,18.83,2022-05-23,25,3.5779
BFC,1,24.28,2022-06-08,25,3.5779
BFC,2,15.58,2022-06-23,25,3.5779
BFC,1,21.06,2022-08-30,25,3.5779
BFC,2,9.95,2022-11-16,25,3.5779
BFC,1,46.74,2024-07-30,25,3.5779
BFC,2,32.71,2025-01-13,25,3.5779
BFC,1,41.97,2025-02-26,25,3.5779
BFC,2,30.86,2025-04-09,25,3.5779
BFC,1,77.9,2026-03-04,25,3.5779
BFC,2,50.3,2026-03-24,25,3.5779
BFC,1,71.6,2026-05-04,25,3.5779
ABB,1,10.23,2022-05-23,25,3.3269
ABB,2,7.09,2022-06-20,25,3.3269
ABB,1,9.98,2022-08-15,25,3.3269
ABB,2,4.78,2022-11-16,25,3.3269
ABB,1,9.27,2023-09-11,25,3.3269
ABB,2,6.73,2023-10-31,25,3.3269
ABB,1,9.0,2025-03-19,25,3.3269
ABB,2,5.55,2025-04-09,25,3.3269
ABB,1,16.4,2026-01-14,25,3.3269
KDH,1,28.46,2022-05-23,20,3.0163
KDH,2,13.55,2022-11-16,20,3.0163
KDH,1,23.36,2022-12-05,20,3.0163
KDH,2,18.02,2023-03-08,20,3.0163
KDH,1,28.5,2023-07-28,20,3.0163
KDH,2,22.46,2023-11-01,20,3.0163
KDH,1,33.04,2024-07-11,20,3.0163
KDH,2,22.03,2025-04-09,20,3.0163
KDH,1,38.1,2025-09-03,20,3.0163
KDH,2,30.0,2025-10-21,20,3.0163
KDH,1,36.45,2025-10-30,20,3.0163
KDH,2,21.6,2026-05-20,20,3.0163
BID,2,23.94,2022-05-23,20,2.6225
BID,1,29.85,2022-08-15,20,2.6225
BID,2,20.31,2022-10-10,20,2.6225
BID,1,35.91,2023-08-01,20,2.6225
BID,2,28.29,2023-10-26,20,2.6225
BID,1,46.35,2024-03-22,20,2.6225
BID,2,35.16,2024-07-01,20,2.6225
BID,1,42.27,2024-09-27,20,2.6225
BID,2,30.86,2025-04-09,20,2.6225
BID,1,56.6,2026-01-22,20,2.6225
BID,2,38.1,2026-03-23,20,2.6225
BID,1,46.4,2026-05-19,20,2.6225
AGR,1,11.19,2022-05-23,25,3.7398
AGR,2,7.28,2022-06-21,25,3.7398
AGR,1,11.84,2022-08-25,25,3.7398
AGR,2,4.64,2022-11-16,25,3.7398
AGR,1,17.91,2023-09-21,25,3.7398
AGR,2,10.38,2023-11-01,25,3.7398
AGR,1,21.17,2024-06-12,25,3.7398
AGR,2,12.8,2025-04-22,25,3.7398
AGR,1,20.8,2025-09-04,25,3.7398
AGR,2,13.4,2026-03-23,25,3.7398
AGG,1,27.5,2022-05-23,20,2.7814
AGG,2,21.32,2022-11-15,20,2.7814
AGG,1,28.8,2023-09-11,20,2.7814
AGG,2,15.76,2024-04-22,20,2.7814
AGG,1,22.48,2024-06-07,20,2.7814
AGG,2,14.25,2025-01-10,20,2.7814
AGG,1,18.4,2025-03-12,20,2.7814
AGG,2,14.15,2025-04-09,20,2.7814
AGG,1,22.1,2025-08-20,20,2.7814
AGG,2,11.3,2026-05-20,20,2.7814
KHG,1,10.5,2022-05-23,25,3.7188
KHG,2,6.11,2022-06-21,25,3.7188
KHG,1,11.0,2022-08-11,25,3.7188
KHG,2,3.78,2022-11-16,25,3.7188
KHG,1,5.83,2022-12-05,25,3.7188
KHG,2,3.87,2022-12-27,25,3.7188
KHG,1,6.09,2023-02-07,25,3.7188
KHG,2,4.31,2023-03-14,25,3.7188
KHG,1,8.2,2023-08-14,25,3.7188
KHG,2,5.0,2023-11-01,25,3.7188
KHG,1,6.72,2023-12-07,25,3.7188
KHG,2,4.98,2024-08-02,25,3.7188
KHG,1,6.23,2025-03-14,25,3.7188
KHG,2,4.61,2025-04-09,25,3.7188
KHG,1,8.76,2025-10-31,25,3.7188
KHG,2,4.87,2026-05-20,25,3.7188
TTF,1,9.37,2022-05-23,25,3.4566
TTF,2,6.45,2022-06-21,25,3.4566
TTF,1,9.24,2022-08-11,25,3.4566
TTF,2,2.89,2022-11-16,25,3.4566
TTF,1,5.25,2022-12-06,25,3.4566
TTF,2,3.83,2022-12-27,25,3.4566
TTF,1,6.15,2023-08-10,25,3.4566
TTF,2,3.68,2023-11-01,25,3.4566
TTF,1,5.02,2024-03-05,25,3.4566
TTF,2,2.31,2025-04-23,25,3.4566
TTF,1,3.57,2025-09-18,25,3.4566
TTF,2,2.64,2025-10-21,25,3.4566
TTF,1,4.23,2025-12-11,25,3.4566
TTF,2,2.3,2026-05-18,25,3.4566
L14,2,114.91,2022-05-23,40,5.1163
L14,1,176.52,2022-06-01,40,5.1163
L14,2,73.26,2022-07-08,40,5.1163
L14,1,128.11,2022-08-11,40,5.1163
L14,2,16.26,2022-11-16,40,5.1163
L14,1,74.11,2022-12-06,40,5.1163
L14,2,37.45,2022-12-27,40,5.1163
L14,1,63.66,2023-08-17,40,5.1163
L14,2,35.28,2023-11-01,40,5.1163
L14,1,50.16,2023-12-07,40,5.1163
L14,2,25.4,2024-11-20,40,5.1163
L14,1,42.6,2024-12-27,40,5.1163
L14,2,22.4,2025-04-09,40,5.1163
L14,1,48.5,2025-08-21,40,5.1163
L14,2,19.4,2026-03-10,40,5.1163
TV2,1,26.88,2022-05-23,25,3.3919
TV2,2,15.66,2022-11-16,25,3.3919
TV2,1,39.88,2023-09-08,25,3.3919
TV2,2,25.81,2023-11-01,25,3.3919
TV2,1,43.99,2024-03-21,25,3.3919
TV2,2,32.64,2024-05-02,25,3.3919
TV2,1,50.1,2024-06-11,25,3.3919
TV2,2,25.43,2024-10-23,25,3.3919
TV2,1,35.49,2025-03-28,25,3.3919
TV2,2,26.54,2025-04-09,25,3.3919
TV2,1,42.49,2025-06-05,25,3.3919
TV2,2,30.43,2025-10-20,25,3.3919
TV2,1,44.2,2026-03-03,25,3.3919
TV2,2,30.5,2026-05-18,25,3.3919
BMI,2,19.24,2022-05-23,20,2.9306
BMI,1,23.22,2022-06-08,20,2.9306
BMI,2,17.91,2022-07-11,20,2.9306
BMI,1,22.1,2022-09-26,20,2.9306
BMI,2,13.5,2022-10-12,20,2.9306
BMI,1,16.81,2022-10-31,20,2.9306
BMI,2,10.42,2022-11-16,20,2.9306
BMI,1,20.23,2023-09-05,20,2.9306
BMI,2,15.11,2023-10-31,20,2.9306
BMI,1,21.56,2024-06-05,20,2.9306
BMI,2,14.86,2025-04-09,20,2.9306
BMI,1,21.85,2025-11-05,20,2.9306
BMI,2,17.05,2025-12-26,20,2.9306
BMI,1,20.65,2026-02-05,20,2.9306
BMI,2,14.25,2026-05-18,20,2.9306
BMP,2,35.75,2022-05-23,20,2.9278
BMP,1,46.19,2022-11-02,20,2.9278
BMP,2,33.27,2022-11-11,20,2.9278
BMP,1,78.48,2023-07-25,20,2.9278
BMP,2,57.52,2023-10-31,20,2.9278
BMP,1,99.68,2024-04-15,20,2.9278
BMP,2,75.12,2024-08-05,20,2.9278
BMP,1,119.79,2024-12-26,20,2.9278
BMP,2,87.3,2025-04-09,20,2.9278
BMP,1,180.62,2025-12-18,20,2.9278
BMP,2,114.61,2026-03-23,20,2.9278
BMP,1,155.08,2026-05-13,20,2.9278
KLB,1,17.94,2022-05-23,30,3.8375
KLB,2,12.34,2022-06-20,30,3.8375
KLB,1,18.43,2022-08-10,30,3.8375
KLB,2,8.42,2022-11-15,30,3.8375
KLB,1,11.36,2022-12-05,30,3.8375
KLB,2,5.65,2022-12-22,30,3.8375
KLB,1,9.82,2023-06-05,30,3.8375
KLB,2,6.63,2024-04-16,30,3.8375
KLB,1,8.7,2024-09-30,30,3.8375
KLB,2,5.94,2025-04-09,30,3.8375
KLB,1,19.7,2025-09-24,30,3.8375
KLB,2,12.45,2026-03-23,30,3.8375
FMC,2,44.04,2022-05-23,20,2.5608
FMC,1,57.38,2022-06-08,20,2.5608
FMC,2,23.54,2022-11-16,20,2.5608
FMC,1,46.22,2023-09-21,20,2.5608
FMC,2,35.29,2023-11-01,20,2.5608
FMC,1,47.61,2024-05-28,20,2.5608
FMC,2,29.1,2025-04-17,20,2.5608
FMC,1,43.38,2026-02-25,20,2.5608
FMC,2,33.76,2026-03-23,20,2.5608
ORS,1,12.41,2022-05-23,30,4.0637
ORS,2,5.57,2022-11-16,30,4.0637
ORS,1,16.31,2023-09-21,30,4.0637
ORS,2,9.99,2023-11-01,30,4.0637
ORS,1,16.38,2024-03-14,30,4.0637
ORS,2,7.19,2025-04-22,30,4.0637
ORS,1,17.0,2025-09-03,30,4.0637
TPB,1,15.0,2022-05-23,20,2.7724
TPB,2,8.55,2022-10-12,20,2.7724
TPB,1,14.5,2023-09-07,20,2.7724
TPB,2,11.25,2023-11-01,20,2.7724
TPB,1,16.08,2024-10-18,20,2.7724
TPB,2,9.87,2025-04-09,20,2.7724
TPB,1,21.73,2025-08-22,20,2.7724
TPB,2,15.1,2026-03-23,20,2.7724
FOX,1,27.21,2022-05-23,25,3.1867
FOX,2,17.18,2022-11-15,25,3.1867
FOX,1,73.69,2024-06-18,25,3.1867
FOX,2,53.09,2024-08-08,25,3.1867
FOX,1,72.69,2025-01-22,25,3.1867
FOX,2,47.09,2025-04-09,25,3.1867
FOX,1,80.5,2025-07-21,25,3.1867
FOX,2,54.9,2025-09-29,25,3.1867
FOX,1,109.9,2026-01-22,25,3.1867
FOX,2,65.0,2026-03-09,25,3.1867
FOX,1,91.1,2026-05-19,25,3.1867
KSB,1,28.62,2022-05-23,25,3.6512
KSB,2,18.25,2022-07-07,25,3.6512
KSB,1,25.66,2022-08-16,25,3.6512
KSB,2,9.87,2022-11-16,25,3.6512
KSB,1,29.21,2023-09-13,25,3.6512
KSB,2,17.19,2023-11-01,25,3.6512
KSB,1,27.35,2024-03-25,25,3.6512
KSB,2,16.85,2024-08-02,25,3.6512
KSB,1,21.1,2025-03-11,25,3.6512
KSB,2,13.95,2025-04-09,25,3.6512
KSB,1,22.45,2025-09-16,25,3.6512
KSB,2,14.65,2026-03-23,25,3.6512
TNG,2,15.17,2022-05-23,35,4.4584
TNG,1,20.83,2022-06-08,35,4.4584
TNG,2,5.48,2022-11-16,35,4.4584
TNG,1,23.75,2024-08-28,35,4.4584
TNG,2,11.44,2025-04-10,35,4.4584
TNG,1,27.34,2026-04-01,35,4.4584
APG,1,9.54,2022-05-23,30,3.8846
APG,2,5.59,2022-06-21,30,3.8846
APG,1,8.7,2022-08-25,30,3.8846
APG,2,2.35,2022-11-16,30,3.8846
APG,1,12.5,2023-09-21,30,3.8846
APG,2,8.1,2023-10-20,30,3.8846
APG,1,16.0,2024-03-21,30,3.8846
APG,2,5.75,2025-01-07,30,3.8846
APG,1,13.45,2025-06-04,30,3.8846
APG,2,4.7,2026-05-20,30,3.8846
ANV,2,17.84,2022-05-23,30,4.0061
ANV,1,28.94,2022-06-17,30,4.0061
ANV,2,18.14,2022-08-01,30,4.0061
ANV,1,24.74,2022-09-06,30,4.0061
ANV,2,6.91,2022-11-16,30,4.0061
ANV,1,19.32,2023-09-22,30,4.0061
ANV,2,11.7,2023-11-01,30,4.0061
ANV,1,20.67,2024-12-17,30,4.0061
ANV,2,12.0,2025-04-09,30,4.0061
ANV,1,33.4,2025-10-13,30,4.0061
ANV,2,21.45,2026-03-23,30,4.0061
FPT,2,48.86,2022-05-23,15,2.279
FPT,1,59.8,2022-06-08,15,2.279
FPT,2,38.2,2022-11-16,15,2.279
FPT,1,73.91,2023-09-07,15,2.279
FPT,2,60.57,2023-11-01,15,2.279
FPT,1,118.64,2024-07-05,15,2.279
FPT,2,99.7,2024-08-05,15,2.279
FPT,1,132.48,2025-01-23,15,2.279
FPT,2,83.05,2025-04-09,15,2.279
FPT,1,110.12,2025-07-23,15,2.279
FPT,2,84.93,2025-10-20,15,2.279
FPT,1,107.22,2026-01-19,15,2.279
FPT,2,69.05,2026-05-13,15,2.279
PGB,2,11.02,2022-05-23,30,4.221
PGB,1,14.57,2022-05-24,30,4.221
PGB,2,7.69,2022-06-21,30,4.221
PGB,1,12.25,2022-07-21,30,4.221
PGB,2,8.02,2022-10-11,30,4.221
PGB,1,12.35,2022-10-19,30,4.221
PGB,2,7.79,2022-10-25,30,4.221
PGB,1,10.29,2022-10-28,30,4.221
PGB,2,5.58,2022-11-16,30,4.221
PGB,1,17.78,2023-04-12,30,4.221
PGB,2,11.58,2023-06-02,30,4.221
PGB,1,15.81,2023-07-17,30,4.221
PGB,2,10.2,2023-12-19,30,4.221
PGB,1,16.44,2024-02-22,30,4.221
PGB,2,8.46,2025-04-09,30,4.221
PGB,1,14.04,2025-10-22,30,4.221
SZC,1,31.66,2022-05-23,25,3.4994
SZC,2,13.24,2022-11-16,25,3.4994
SZC,1,21.72,2022-12-15,25,3.4994
SZC,2,15.99,2022-12-27,25,3.4994
SZC,1,32.26,2023-09-21,25,3.4994
SZC,2,23.72,2023-11-01,25,3.4994
SZC,1,44.52,2024-05-29,25,3.4994
SZC,2,33.09,2024-08-06,25,3.4994
SZC,1,45.88,2025-02-26,25,3.4994
SZC,2,26.92,2025-04-23,25,3.4994
SZC,1,39.32,2025-08-13,25,3.4994
SZC,2,28.3,2025-12-26,25,3.4994
SZC,1,37.4,2026-02-04,25,3.4994
SZC,2,24.25,2026-05-20,25,3.4994
HHS,1,6.11,2022-05-23,30,3.9224
HHS,2,4.24,2022-06-21,30,3.9224
HHS,1,6.11,2022-08-11,30,3.9224
HHS,2,2.2,2022-11-16,30,3.9224
HHS,1,7.62,2023-08-15,30,3.9224
HHS,2,4.85,2023-11-01,30,3.9224
HHS,1,11.67,2024-06-21,30,3.9224
HHS,2,6.87,2024-11-13,30,3.9224
HHS,1,20.2,2025-10-10,30,3.9224
HHS,2,9.8,2026-03-10,30,3.9224
HHS,1,14.45,2026-04-09,30,3.9224
HHV,1,12.3,2022-05-23,25,3.5471
HHV,2,8.42,2022-06-21,25,3.5471
HHV,1,13.52,2022-09-23,25,3.5471
HHV,2,5.18,2022-11-16,25,3.5471
HHV,1,16.44,2023-09-21,25,3.5471
HHV,2,11.07,2023-11-01,25,3.5471
HHV,1,14.53,2024-01-08,25,3.5471
HHV,2,9.13,2024-08-06,25,3.5471
HHV,1,12.53,2025-03-11,25,3.5471
HHV,2,9.05,2025-04-09,25,3.5471
HHV,1,16.96,2025-09-29,25,3.5471
HHV,2,10.75,2026-03-10,25,3.5471
HHV,1,13.45,2026-04-13,25,3.5471
PHR,1,50.49,2022-05-23,25,3.0829
PHR,2,24.96,2022-11-16,25,3.0829
PHR,1,67.42,2025-03-27,25,3.0829
PHR,2,38.11,2025-04-23,25,3.0829
PHR,1,71.7,2026-05-18,25,3.0829
CTR,2,55.57,2022-05-23,25,3.185
CTR,1,71.56,2022-08-25,25,3.185
CTR,2,32.41,2022-11-16,25,3.185
CTR,1,154.95,2024-06-21,25,3.185
CTR,2,107.6,2024-08-06,25,3.185
CTR,1,136.32,2024-11-13,25,3.185
CTR,2,72.17,2025-04-09,25,3.185
CTR,1,113.0,2026-01-15,25,3.185
CTR,2,75.5,2026-03-23,25,3.185
CTR,1,95.0,2026-05-20,25,3.185
CTS,1,13.0,2022-05-23,30,4.2344
CTS,2,7.65,2022-06-21,30,4.2344
CTS,1,16.03,2022-08-25,30,4.2344
CTS,2,5.49,2022-11-16,30,4.2344
CTS,1,26.28,2023-09-13,30,4.2344
CTS,2,14.86,2023-11-01,30,4.2344
CTS,1,36.33,2024-06-12,30,4.2344
CTS,2,24.52,2024-08-02,30,4.2344
CTS,1,32.85,2024-10-01,30,4.2344
CTS,2,19.63,2025-06-13,30,4.2344
CTS,1,36.64,2025-08-14,30,4.2344
CTS,2,19.12,2026-03-23,30,4.2344
STB,2,20.15,2022-05-23,20,3.0564
STB,1,26.35,2022-08-15,20,3.0564
STB,2,14.05,2022-10-25,20,3.0564
STB,1,33.7,2023-09-21,20,3.0564
STB,2,25.85,2023-12-19,20,3.0564
STB,1,61.3,2025-10-14,20,3.0564
STB,2,45.95,2025-12-15,20,3.0564
STB,1,76.8,2026-05-12,20,3.0564
PLC,1,26.07,2022-05-23,30,4.2273
PLC,2,11.06,2022-11-16,30,4.2273
PLC,1,38.55,2023-07-24,30,4.2273
PLC,2,21.83,2023-10-31,30,4.2273
PLC,1,33.16,2024-04-03,30,4.2273
PLC,2,17.86,2024-11-11,30,4.2273
PLC,1,26.79,2025-02-24,30,4.2273
PLC,2,17.27,2025-04-09,30,4.2273
PLC,1,40.0,2026-02-04,30,4.2273
PLC,2,20.8,2026-05-11,30,4.2273
PLX,1,35.99,2022-05-23,20,2.7741
PLX,2,21.0,2022-11-16,20,2.7741
PLX,1,38.62,2023-08-01,20,2.7741
PLX,2,29.14,2023-11-01,20,2.7741
PLX,1,50.02,2024-08-16,20,2.7741
PLX,2,29.95,2025-04-09,20,2.7741
PLX,1,41.85,2025-06-23,20,2.7741
PLX,2,32.5,2025-10-20,20,2.7741
PLX,1,64.8,2026-01-28,20,2.7741
PLX,2,50.5,2026-02-11,20,2.7741
PLX,1,70.4,2026-03-04,20,2.7741
PLX,2,36.25,2026-04-29,20,2.7741
PLX,1,47.0,2026-05-19,20,2.7741
TCH,1,8.9,2022-05-23,30,4.072
TCH,2,6.12,2022-06-21,30,4.072
TCH,1,8.74,2022-08-26,30,4.072
TCH,2,3.59,2022-11-16,30,4.072
TCH,1,11.96,2023-09-21,30,4.072
TCH,2,8.14,2023-11-01,30,4.072
TCH,1,17.8,2024-06-21,30,4.072
TCH,2,10.94,2025-01-13,30,4.072
TCH,1,25.03,2025-10-14,30,4.072
TCH,2,12.85,2026-03-09,30,4.072
TCH,1,18.5,2026-05-04,30,4.072
VNINDEX,2,1207.99,2022-05-23,5,1.5144
VNINDEX,1,1316.78,2022-06-08,5,1.5144
VNINDEX,2,1162.06,2022-06-23,5,1.5144
VNINDEX,1,1221.74,2022-06-28,5,1.5144
VNINDEX,2,1142.8,2022-07-07,5,1.5144
VNINDEX,1,1295.12,2022-08-26,5,1.5144
VNINDEX,2,998.64,2022-10-11,5,1.5144
VNINDEX,1,1071.74,2022-10-18,5,1.5144
VNINDEX,2,962.45,2022-10-25,5,1.5144
VNINDEX,1,1044.57,2022-10-28,5,1.5144
VNINDEX,2,873.78,2022-11-16,5,1.5144
VNINDEX,1,985.28,2022-11-22,5,1.5144
VNINDEX,2,934.31,2022-11-24,5,1.5144
VNINDEX,1,1099.45,2022-12-05,5,1.5144
VNINDEX,2,983.67,2022-12-27,5,1.5144
VNINDEX,1,1124.3,2023-01-27,5,1.5144
VNINDEX,2,1031.7,2023-02-13,5,1.5144
VNINDEX,1,1095.1,2023-02-21,5,1.5144
VNINDEX,2,1013.37,2023-03-01,5,1.5144
VNINDEX,1,1084.52,2023-04-06,5,1.5144
VNINDEX,2,1029.19,2023-04-26,5,1.5144
VNINDEX,1,1246.22,2023-08-08,5,1.5144
VNINDEX,2,1149.13,2023-08-22,5,1.5144
VNINDEX,1,1255.11,2023-09-07,5,1.5144
VNINDEX,2,1020.01,2023-11-01,5,1.5144
VNINDEX,1,1132.75,2023-11-15,5,1.5144
VNINDEX,2,1073.31,2023-11-24,5,1.5144
VNINDEX,1,1293.9,2024-03-28,5,1.5144
VNINDEX,2,1165.99,2024-04-19,5,1.5144
VNINDEX,1,1305.83,2024-06-13,5,1.5144
VNINDEX,2,1182.3,2024-08-05,5,1.5144
VNINDEX,1,1302.22,2024-10-01,5,1.5144
VNINDEX,2,1197.99,2024-11-20,5,1.5144
VNINDEX,1,1342.91,2025-03-12,5,1.5144
VNINDEX,2,1073.61,2025-04-09,5,1.5144
VNINDEX,1,1246.21,2025-04-15,5,1.5144
VNINDEX,2,1136.98,2025-04-22,5,1.5144
VNINDEX,1,1564.92,2025-07-29,5,1.5144
VNINDEX,2,1482.45,2025-07-30,5,1.5144
VNINDEX,1,1693.68,2025-08-21,5,1.5144
VNINDEX,2,1603.73,2025-08-26,5,1.5144
VNINDEX,1,1711.49,2025-09-05,5,1.5144
VNINDEX,2,1605.76,2025-09-11,5,1.5144
VNINDEX,1,1794.58,2025-10-14,5,1.5144
VNINDEX,2,1578.42,2025-11-11,5,1.5144
VNINDEX,1,1772.03,2025-12-09,5,1.5144
VNINDEX,2,1629.37,2025-12-16,5,1.5144
VNINDEX,1,1805.93,2025-12-25,5,1.5144
VNINDEX,2,1687.14,2025-12-26,5,1.5144
VNINDEX,1,1918.46,2026-01-14,5,1.5144
VNINDEX,2,1741.37,2026-02-10,5,1.5144
VNINDEX,1,1899.44,2026-02-27,5,1.5144
VNINDEX,2,1650.49,2026-03-09,5,1.5144
VNINDEX,1,1742.87,2026-03-18,5,1.5144
VNINDEX,2,1586.44,2026-03-23,5,1.5144
VNINDEX,1,1933.11,2026-05-19,5,1.5144
TCM,1,33.34,2022-05-23,20,2.7338
TCM,2,25.58,2022-06-23,20,2.7338
TCM,1,31.78,2022-08-23,20,2.7338
TCM,2,24.88,2022-11-08,20,2.7338
TCM,1,37.05,2022-12-22,20,2.7338
TCM,2,29.31,2022-12-27,20,2.7338
TCM,1,38.75,2023-01-19,20,2.7338
TCM,2,29.44,2023-02-02,20,2.7338
TCM,1,37.73,2023-06-29,20,2.7338
TCM,2,28.02,2023-11-01,20,2.7338
TCM,1,44.69,2024-07-09,20,2.7338
TCM,2,22.46,2025-04-22,20,2.7338
TCM,1,31.01,2025-08-07,20,2.7338
TCM,2,20.37,2026-04-07,20,2.7338
TCB,1,16.75,2022-05-23,20,2.5701
TCB,2,9.25,2022-10-25,20,2.5701
TCB,1,12.02,2022-11-01,20,2.5701
TCB,2,8.92,2022-11-16,20,2.5701
TCB,1,16.72,2023-09-07,20,2.5701
TCB,2,12.58,2023-10-31,20,2.5701
TCB,1,27.19,2025-03-26,20,2.5701
TCB,2,21.27,2025-04-09,20,2.5701
TCB,1,41.14,2025-10-14,20,2.5701
TCB,2,29.87,2025-12-16,20,2.5701
TCB,1,37.41,2026-01-13,20,2.5701
TCB,2,27.77,2026-04-07,20,2.5701
TCB,1,34.28,2026-04-28,20,2.5701
HAG,2,8.33,2022-05-23,30,3.9014
HAG,1,14.15,2022-09-23,30,3.9014
HAG,2,5.47,2022-11-16,30,3.9014
HAG,1,15.3,2024-05-20,30,3.9014
HAG,2,9.95,2024-08-14,30,3.9014
HAG,1,19.25,2025-11-25,30,3.9014
HAH,1,33.25,2022-05-23,30,3.7695
HAH,2,9.86,2022-11-16,30,3.7695
HAH,1,27.86,2023-10-10,30,3.7695
HAH,2,18.08,2023-11-01,30,3.7695
HAH,1,71.7,2026-03-03,30,3.7695
HAH,2,49.7,2026-03-23,30,3.7695
TCX,2,39.94,2025-10-21,25,3.5075
TCX,1,53.42,2026-02-24,25,3.5075
TCX,2,37.97,2026-03-23,25,3.5075
LAS,2,10.94,2022-05-23,30,4.1285
LAS,1,14.31,2022-06-01,30,4.1285
LAS,2,9.54,2022-07-07,30,4.1285
LAS,1,12.98,2022-08-30,30,4.1285
LAS,2,4.31,2022-11-16,30,4.1285
LAS,1,27.45,2024-07-10,30,4.1285
LAS,2,11.62,2025-04-09,30,4.1285
LAS,1,22.03,2025-06-18,30,4.1285
LAS,2,15.2,2025-12-03,30,4.1285
LAS,1,21.4,2026-03-13,30,4.1285
LAS,2,14.8,2026-04-24,30,4.1285
TDH,1,8.32,2022-05-23,30,4.3649
TDH,2,4.7,2022-06-27,30,4.3649
TDH,1,6.49,2022-08-11,30,4.3649
TDH,2,2.3,2022-11-16,30,4.3649
TDH,1,7.0,2023-09-11,30,4.3649
TDH,2,2.0,2024-12-16,30,4.3649
TDH,1,3.5,2025-02-24,30,4.3649
TDH,2,2.42,2025-04-09,30,4.3649
TDH,1,5.85,2025-09-26,30,4.3649
TDH,2,3.38,2026-03-23,30,4.3649
TDH,1,4.75,2026-05-04,30,4.3649
TDC,2,13.46,2022-05-23,30,3.8213
TDC,1,24.18,2022-09-16,30,3.8213
TDC,2,6.68,2022-11-16,30,3.8213
TDC,1,16.25,2023-07-31,30,3.8213
TDC,2,8.14,2023-11-01,30,3.8213
TDC,1,13.8,2025-02-19,30,3.8213
TDC,2,9.49,2025-04-22,30,3.8213
TDC,1,14.8,2025-08-19,30,3.8213
HDC,1,27.79,2022-05-23,30,4.013
HDC,2,16.91,2022-06-22,30,4.013
HDC,1,32.9,2022-09-06,30,4.013
HDC,2,15.03,2022-10-26,30,4.013
HDC,1,29.95,2023-07-27,30,4.013
HDC,2,20.03,2023-10-18,30,4.013
HDC,1,26.59,2023-11-23,30,4.013
HDC,2,18.48,2025-04-23,30,4.013
HDC,1,37.76,2025-10-17,30,4.013
HDC,2,16.3,2026-03-23,30,4.013
HDB,1,10.05,2022-05-23,20,2.5953
HDB,2,6.65,2022-11-16,20,2.5953
HDB,1,20.55,2024-12-30,20,2.5953
HDB,2,13.88,2025-04-09,20,2.5953
HDB,1,30.0,2026-01-21,20,2.5953
HDB,2,23.8,2026-03-23,20,2.5953
HDG,2,21.66,2022-05-23,25,3.5968
HDG,1,33.04,2022-08-25,25,3.5968
HDG,2,12.58,2022-11-16,25,3.5968
HDG,1,24.58,2023-07-28,25,3.5968
HDG,2,17.72,2023-10-19,25,3.5968
HDG,1,26.78,2024-07-15,25,3.5968
HDG,2,15.99,2025-04-09,25,3.5968
HDG,1,32.51,2025-10-16,25,3.5968
HDG,2,22.28,2026-01-27,25,3.5968
HDG,1,28.19,2026-03-25,25,3.5968
HDG,2,20.65,2026-05-20,25,3.5968
PC1,2,18.17,2022-05-23,25,3.536
PC1,1,26.69,2022-06-17,25,3.536
PC1,2,18.81,2022-07-11,25,3.536
PC1,1,24.24,2022-09-15,25,3.536
PC1,2,7.76,2022-11-16,25,3.536
PC1,1,22.35,2023-10-12,25,3.536
PC1,2,14.92,2023-11-01,25,3.536
PC1,1,24.17,2024-07-12,25,3.536
PC1,2,15.99,2025-04-09,25,3.536
PC1,1,28.24,2025-08-19,25,3.536
PC1,2,18.81,2025-10-21,25,3.536
PC1,1,32.2,2026-03-02,25,3.536
PC1,2,16.65,2026-05-18,25,3.536
LCG,1,11.49,2022-05-23,25,3.6209
LCG,2,6.63,2022-06-21,25,3.6209
LCG,1,10.43,2022-09-27,25,3.6209
LCG,2,3.58,2022-11-16,25,3.6209
LCG,1,13.72,2023-09-21,25,3.6209
LCG,2,8.0,2023-11-01,25,3.6209
LCG,1,12.97,2024-04-03,25,3.6209
LCG,2,7.44,2025-04-09,25,3.6209
LCG,1,13.32,2025-08-20,25,3.6209
LCG,2,9.05,2026-05-20,25,3.6209
DDV,1,17.38,2022-05-23,35,4.6017
DDV,2,4.63,2022-11-17,35,4.6017
DDV,1,13.14,2023-09-11,35,4.6017
DDV,2,7.98,2023-11-01,35,4.6017
DDV,1,23.1,2024-07-09,35,4.6017
DDV,2,14.5,2024-11-05,35,4.6017
DDV,1,20.49,2025-02-26,35,4.6017
DDV,2,12.18,2025-04-09,35,4.6017
DDV,1,37.0,2025-10-23,35,4.6017
DDV,2,21.0,2025-12-10,35,4.6017
DDV,1,35.0,2026-03-03,35,4.6017
DCM,2,24.92,2022-05-23,25,3.3517
DCM,1,34.18,2022-06-08,25,3.3517
DCM,2,21.02,2022-07-07,25,3.3517
DCM,1,32.28,2022-09-05,25,3.3517
DCM,2,22.16,2022-10-10,25,3.3517
DCM,1,27.71,2022-10-18,25,3.3517
DCM,2,18.81,2022-11-16,25,3.3517
DCM,1,25.18,2022-12-06,25,3.3517
DCM,2,18.44,2023-03-08,25,3.3517
DCM,1,33.97,2023-10-16,25,3.3517
DCM,2,23.04,2023-10-31,25,3.3517
DCM,1,39.48,2024-07-09,25,3.3517
DCM,2,23.38,2025-04-09,25,3.3517
DCM,1,43.85,2025-08-18,25,3.3517
DCM,2,31.2,2025-12-16,25,3.3517
DCM,1,52.9,2026-03-09,25,3.3517
LDG,1,12.25,2022-05-23,35,4.6072
LDG,2,6.72,2022-06-21,35,4.6072
LDG,1,10.94,2022-08-17,35,4.6072
LDG,2,2.81,2022-11-16,35,4.6072
LDG,1,6.69,2023-08-15,35,4.6072
LDG,2,1.6,2024-08-06,35,4.6072
LDG,1,7.22,2025-07-18,35,4.6072
LDG,2,3.7,2025-10-28,35,4.6072
LDG,1,5.13,2025-11-18,35,4.6072
LDG,2,2.95,2026-05-20,35,4.6072
PET,2,28.19,2022-05-23,30,4.297
PET,1,39.87,2022-06-08,30,4.297
PET,2,24.12,2022-07-07,30,4.297
PET,1,37.22,2022-09-12,30,4.297
PET,2,10.65,2022-11-16,30,4.297
PET,1,32.07,2023-09-13,30,4.297
PET,2,19.7,2023-11-01,30,4.297
PET,1,31.82,2024-06-11,30,4.297
PET,2,16.45,2025-04-09,30,4.297
PET,1,40.69,2025-08-19,30,4.297
PET,2,27.39,2025-09-11,30,4.297
PET,1,53.2,2026-04-01,30,4.297
DBC,1,15.59,2022-05-23,30,3.7482
DBC,2,10.21,2022-06-22,30,3.7482
DBC,1,19.61,2022-08-31,30,3.7482
DBC,2,6.47,2022-11-16,30,3.7482
DBC,1,18.68,2023-08-09,30,3.7482
DBC,2,11.3,2023-11-01,30,3.7482
DBC,1,24.75,2024-06-21,30,3.7482
DBC,2,16.81,2025-04-09,30,3.7482
DBC,1,28.52,2025-08-14,30,3.7482
DBC,2,18.73,2026-05-20,30,3.7482
HCM,1,11.31,2022-05-23,25,3.5557
HCM,2,8.0,2022-06-21,25,3.5557
HCM,1,13.97,2022-08-25,25,3.5557
HCM,2,7.86,2022-10-25,25,3.5557
HCM,1,10.63,2022-11-03,25,3.5557
HCM,2,6.97,2022-11-16,25,3.5557
HCM,1,18.26,2023-09-13,25,3.5557
HCM,2,12.24,2023-11-01,25,3.5557
HCM,1,25.29,2025-03-10,25,3.5557
HCM,2,17.55,2025-04-22,25,3.5557
HCM,1,29.9,2025-09-05,25,3.5557
HCM,2,20.95,2026-01-06,25,3.5557
HCM,1,27.04,2026-01-16,25,3.5557
HCM,2,19.1,2026-03-23,25,3.5557
HCM,1,30.45,2026-05-19,25,3.5557
PDR,1,44.9,2022-05-23,30,4.0619
PDR,2,9.37,2022-11-29,30,4.0619
PDR,1,14.51,2022-12-12,30,4.0619
PDR,2,9.82,2022-12-27,30,4.0619
PDR,1,12.83,2023-01-05,30,4.0619
PDR,2,8.31,2023-03-01,30,4.0619
PDR,1,28.01,2024-04-02,30,4.0619
PDR,2,15.46,2024-08-06,30,4.0619
PDR,1,21.52,2024-09-26,30,4.0619
PDR,2,13.93,2025-04-23,30,4.0619
PDR,1,27.2,2025-09-05,30,4.0619
PDR,2,13.7,2026-03-10,30,4.0619
PVS,1,25.09,2022-05-23,35,4.526
PVS,2,14.58,2022-11-16,35,4.526
PVS,1,44.04,2024-05-20,35,4.526
PVS,2,20.01,2025-04-09,35,4.526
PVS,1,56.4,2026-03-03,35,4.526
PVS,2,35.0,2026-04-09,35,4.526
PVT,2,11.76,2022-05-23,25,3.2973
PVT,1,14.77,2022-06-08,25,3.2973
PVT,2,8.29,2022-11-16,25,3.2973
PVT,1,19.17,2023-10-16,25,3.2973
PVT,2,13.62,2023-11-01,25,3.2973
PVT,1,22.33,2024-06-10,25,3.2973
PVT,2,12.84,2025-04-09,25,3.2973
PVT,1,29.76,2026-03-09,25,3.2973
PVT,2,18.43,2026-03-24,25,3.2973
PVT,1,23.3,2026-05-18,25,3.2973
SHS,1,11.78,2022-05-23,40,5.6052
SHS,2,4.08,2022-11-16,40,5.6052
SHS,1,17.24,2023-09-13,40,5.6052
SHS,2,10.16,2023-11-01,40,5.6052
SHS,1,17.91,2024-04-03,40,5.6052
SHS,2,8.55,2025-01-15,40,5.6052
SHS,1,30.0,2025-09-03,40,5.6052
SHS,2,14.5,2026-03-20,40,5.6052
SHB,1,8.16,2022-05-23,20,2.8114
SHB,2,4.89,2022-10-12,20,2.8114
SHB,1,6.39,2022-11-01,20,2.8114
SHB,2,4.41,2022-11-16,20,2.8114
SHB,1,9.88,2023-08-07,20,2.8114
SHB,2,7.26,2023-10-26,20,2.8114
SHB,1,19.19,2025-08-18,20,2.8114
SHB,2,13.1,2026-05-20,20,2.8114
SIP,2,29.82,2022-05-23,25,3.5752
SIP,1,43.86,2022-08-26,25,3.5752
SIP,2,29.94,2022-10-07,25,3.5752
SIP,1,39.12,2022-10-21,25,3.5752
SIP,2,15.8,2022-11-15,25,3.5752
SIP,1,35.27,2023-04-06,25,3.5752
SIP,2,26.07,2023-04-24,25,3.5752
SIP,1,47.96,2023-09-07,25,3.5752
SIP,2,33.25,2023-10-26,25,3.5752
SIP,1,74.83,2025-03-18,25,3.5752
SIP,2,44.12,2025-04-22,25,3.5752
SIP,1,63.16,2025-07-25,25,3.5752
SIP,2,45.83,2025-10-20,25,3.5752
SIP,1,62.46,2026-02-04,25,3.5752
GVR,1,22.98,2022-05-23,30,3.8041
GVR,2,9.01,2022-11-16,30,3.8041
GVR,1,22.95,2023-09-21,30,3.8041
GVR,2,15.93,2023-11-01,30,3.8041
GVR,1,38.45,2024-07-15,30,3.8041
GVR,2,21.39,2025-04-23,30,3.8041
GVR,1,46.5,2026-03-04,30,3.8041
GVR,2,28.6,2026-03-24,30,3.8041
GVR,1,40.0,2026-05-18,30,3.8041
LHG,2,26.43,2022-05-23,25,3.0854
LHG,1,35.26,2022-08-24,25,3.0854
LHG,2,13.24,2022-10-25,25,3.0854
LHG,1,17.03,2022-10-28,25,3.0854
LHG,2,12.22,2022-11-15,25,3.0854
LHG,1,31.93,2023-10-02,25,3.0854
LHG,2,23.47,2023-11-01,25,3.0854
LHG,1,40.19,2024-07-29,25,3.0854
LHG,2,22.77,2025-04-17,25,3.0854
LHG,1,34.9,2025-08-20,25,3.0854
CEO,1,26.16,2022-05-23,45,6.3324
CEO,2,13.64,2022-06-22,45,6.3324
CEO,1,23.55,2022-08-11,45,6.3324
CEO,2,6.18,2022-10-27,45,6.3324
CEO,1,9.15,2022-11-01,45,6.3324
CEO,2,4.61,2022-11-16,45,6.3324
CEO,1,24.92,2023-09-13,45,6.3324
CEO,2,10.73,2024-08-06,45,6.3324
CEO,1,31.39,2025-10-20,45,6.3324
CEO,2,12.5,2026-03-10,45,6.3324
SCR,1,12.13,2022-05-23,30,3.742
SCR,2,7.14,2022-06-21,30,3.742
SCR,1,12.23,2022-08-10,30,3.742
SCR,2,3.59,2022-11-16,30,3.742
SCR,1,9.73,2023-08-14,30,3.742
SCR,2,5.7,2023-10-31,30,3.742
SCR,1,8.19,2024-04-03,30,3.742
SCR,2,5.02,2024-11-15,30,3.742
SCR,1,10.5,2025-08-15,30,3.742
SCR,2,5.26,2026-05-20,30,3.742
CII,1,17.24,2022-05-23,30,4.0435
CII,2,11.2,2022-06-21,30,4.0435
CII,1,20.77,2022-08-17,30,4.0435
CII,2,7.74,2022-11-16,30,4.0435
CII,1,19.07,2023-09-13,30,4.0435
CII,2,10.89,2023-11-01,30,4.0435
CII,1,16.02,2024-03-22,30,4.0435
CII,2,9.01,2025-04-09,30,4.0435
CII,1,31.35,2025-10-17,30,4.0435
CII,2,21.25,2025-11-04,30,4.0435
CII,1,27.7,2025-12-04,30,4.0435
CII,2,14.55,2026-03-10,30,4.0435
CII,1,20.8,2026-04-14,30,4.0435
SGB,2,11.02,2022-05-23,25,3.0995
SGB,1,17.79,2023-08-07,25,3.0995
SGB,2,10.62,2023-09-29,25,3.0995
SGB,1,13.47,2023-10-20,25,3.0995
SGB,2,10.04,2023-12-26,25,3.0995
SGB,1,13.49,2024-04-26,25,3.0995
SGB,2,9.93,2025-04-08,25,3.0995
SGB,1,14.52,2025-08-22,25,3.0995
SGB,2,10.2,2026-03-24,25,3.0995
SGB,1,13.5,2026-03-30,25,3.0995
LPB,1,7.57,2022-05-23,25,3.1292
LPB,2,4.62,2022-10-25,25,3.1292
LPB,1,6.23,2022-11-01,25,3.1292
LPB,2,4.53,2022-11-16,25,3.1292
LPB,1,51.69,2025-10-08,25,3.1292
LPB,2,37.33,2026-03-10,25,3.1292
LPB,1,55.09,2026-05-13,25,3.1292
PNJ,2,49.15,2022-05-23,20,2.412
PNJ,1,62.86,2022-06-08,20,2.412
PNJ,2,43.16,2022-11-16,20,2.412
PNJ,1,60.81,2023-01-27,20,2.412
PNJ,2,44.82,2023-06-01,20,2.412
PNJ,1,71.21,2024-08-22,20,2.412
PNJ,2,41.17,2025-04-09,20,2.412
PNJ,1,84.63,2026-01-30,20,2.412
PNJ,2,63.4,2026-05-20,20,2.412
POW,2,10.39,2022-05-23,20,3.011
POW,1,13.57,2022-06-20,20,3.011
POW,2,7.37,2022-11-16,20,3.011
POW,1,11.75,2023-08-09,20,3.011
POW,2,8.61,2024-04-23,20,3.011
POW,1,13.16,2024-07-09,20,3.011
POW,2,9.23,2024-11-20,20,3.011
POW,1,11.17,2025-03-25,20,3.011
POW,2,8.21,2025-04-09,20,3.011
POW,1,14.44,2025-09-04,20,3.011
POW,2,10.68,2025-10-21,20,3.011
POW,1,16.85,2026-03-04,20,3.011
POW,2,12.35,2026-04-07,20,3.011
CMG,2,35.26,2022-05-23,25,3.455
CMG,1,44.88,2022-08-18,25,3.455
CMG,2,19.42,2022-11-16,25,3.455
CMG,1,61.08,2024-06-14,25,3.455
CMG,2,26.22,2025-04-09,25,3.455
CMG,1,42.72,2025-08-14,25,3.455
CMG,2,31.0,2025-12-26,25,3.455
CMG,1,39.0,2026-01-16,25,3.455
CMG,2,26.8,2026-05-12,25,3.455
PPC,1,12.67,2022-05-23,15,2.0634
PPC,2,7.68,2022-11-16,15,2.0634
PPC,1,12.87,2023-06-12,15,2.0634
PPC,2,9.49,2023-10-27,15,2.0634
PPC,1,15.45,2024-06-27,15,2.0634
PPC,2,9.81,2025-04-08,15,2.0634
PPC,1,12.53,2025-05-07,15,2.0634
PPC,2,9.6,2026-03-09,15,2.0634
PPC,1,11.4,2026-03-20,15,2.0634
PPC,2,9.67,2026-05-20,15,2.0634
SSI,1,17.32,2022-05-23,25,3.3023
SSI,2,10.91,2022-06-21,25,3.3023
SSI,1,17.38,2022-08-25,25,3.3023
SSI,2,8.72,2022-11-16,25,3.3023
SSI,1,25.7,2023-09-20,25,3.3023
SSI,2,17.81,2023-10-31,25,3.3023
SSI,1,27.26,2024-03-28,25,3.3023
SSI,2,18.31,2025-04-09,25,3.3023
SSI,1,39.47,2025-10-14,25,3.3023
SSI,2,28.0,2025-12-16,25,3.3023
SSI,1,35.0,2026-03-05,25,3.3023
SSI,2,25.2,2026-03-23,25,3.3023
GMD,2,36.51,2022-05-23,20,2.8926
GMD,1,45.88,2022-06-08,20,2.8926
GMD,2,30.13,2022-10-25,20,2.8926
GMD,1,36.82,2022-11-04,20,2.8926
GMD,2,27.53,2022-11-16,20,2.8926
GMD,1,68.46,2024-06-10,20,2.8926
GMD,2,39.69,2025-04-09,20,2.8926
GMD,1,72.4,2025-09-17,20,2.8926
GMD,2,55.29,2025-12-15,20,2.8926
GMD,1,86.97,2026-03-02,20,2.8926
GMD,2,67.93,2026-04-03,20,2.8926
CMX,2,15.58,2022-05-23,25,3.2458
CMX,1,21.17,2022-06-08,25,3.2458
CMX,2,4.91,2022-11-16,25,3.2458
CMX,1,12.25,2023-09-22,25,3.2458
CMX,2,7.4,2023-10-27,25,3.2458
CMX,1,11.85,2024-07-12,25,3.2458
CMX,2,6.03,2025-04-09,25,3.2458
CMX,1,8.0,2025-07-28,25,3.2458
CMX,2,5.66,2026-05-20,25,3.2458
SSB,2,17.51,2022-05-23,15,2.0995
SSB,1,22.88,2023-08-04,15,2.0995
SSB,2,15.21,2024-04-16,15,2.0995
SSB,1,17.55,2024-06-21,15,2.0995
SSB,2,14.62,2024-06-27,15,2.0995
SSB,1,16.97,2024-08-23,15,2.0995
SSB,2,12.49,2024-09-12,15,2.0995
SSB,1,19.74,2025-08-22,15,2.0995
SSB,2,13.23,2026-03-09,15,2.0995
CNG,2,22.05,2022-05-23,20,3.0124
CNG,1,30.34,2022-06-08,20,3.0124
CNG,2,20.73,2022-07-07,20,3.0124
CNG,1,29.08,2022-08-30,20,3.0124
CNG,2,12.84,2022-11-16,20,3.0124
CNG,1,35.38,2023-09-21,20,3.0124
CNG,2,24.26,2023-10-27,20,3.0124
CNG,1,38.57,2024-04-04,20,3.0124
CNG,2,28.13,2024-04-22,20,3.0124
CNG,1,38.71,2024-07-29,20,3.0124
CNG,2,24.75,2025-04-09,20,3.0124
CNG,1,30.4,2025-07-29,20,3.0124
CNG,2,23.5,2025-12-29,20,3.0124
CNG,1,29.5,2026-03-04,20,3.0124
CNG,2,22.0,2026-05-12,20,3.0124
LSS,1,7.3,2022-05-23,25,3.138
LSS,2,3.1,2022-11-16,25,3.138
LSS,1,11.33,2023-07-24,25,3.138
LSS,2,8.23,2023-08-22,25,3.138
LSS,1,10.66,2023-09-19,25,3.138
LSS,2,7.24,2023-10-31,25,3.138
LSS,1,11.61,2024-07-10,25,3.138
LSS,2,7.66,2025-04-09,25,3.138
LSS,1,9.85,2025-10-03,25,3.138
CSV,2,13.77,2022-05-23,25,3.6559
CSV,1,18.7,2022-06-07,25,3.6559
CSV,2,13.03,2022-07-07,25,3.6559
CSV,1,17.72,2022-08-30,25,3.6559
CSV,2,7.49,2022-11-16,25,3.6559
CSV,1,17.87,2023-10-10,25,3.6559
CSV,2,12.41,2023-10-31,25,3.6559
CSV,1,46.84,2024-12-25,25,3.6559
CSV,2,27.63,2025-04-11,25,3.6559
CSV,1,39.3,2025-07-29,25,3.6559
CSV,2,26.6,2025-12-26,25,3.6559
CSV,1,34.5,2026-03-04,25,3.6559
CSV,2,25.1,2026-05-20,25,3.6559
PTB,1,44.64,2022-05-23,20,2.8413
PTB,2,33.62,2022-07-07,20,2.8413
PTB,1,41.07,2022-08-18,20,2.8413
PTB,2,27.38,2022-10-04,20,2.8413
PTB,1,33.33,2022-10-18,20,2.8413
PTB,2,19.94,2022-11-16,20,2.8413
PTB,1,29.37,2023-01-30,20,2.8413
PTB,2,23.13,2023-03-14,20,2.8413
PTB,1,50.1,2024-06-20,20,2.8413
PTB,2,30.01,2025-04-09,20,2.8413
PTB,1,45.95,2026-02-27,20,2.8413
PTB,2,36.2,2026-03-23,20,2.8413
SMC,1,22.35,2022-05-23,35,4.4491
SMC,2,6.51,2022-11-16,35,4.4491
SMC,1,14.83,2023-07-26,35,4.4491
SMC,2,8.76,2023-11-01,35,4.4491
SMC,1,20.27,2024-07-10,35,4.4491
SMC,2,5.94,2024-10-17,35,4.4491
SMC,1,9.27,2024-12-26,35,4.4491
SMC,2,5.64,2025-04-09,35,4.4491
SMC,1,16.9,2025-09-26,35,4.4491
SMC,2,10.2,2025-10-28,35,4.4491
SMC,1,15.2,2026-02-02,35,4.4491
CTG,1,16.2,2022-05-23,20,2.5679
CTG,2,12.05,2022-10-11,20,2.5679
CTG,1,29.93,2025-03-12,20,2.5679
CTG,2,23.36,2025-04-09,20,2.5679
CTG,1,43.5,2026-01-12,20,2.5679
CTG,2,32.0,2026-03-23,20,2.5679
CTD,2,29.78,2022-05-23,25,3.6895
CTD,1,48.78,2022-09-15,25,3.6895
CTD,2,15.52,2022-11-16,25,3.6895
CTD,1,53.81,2023-07-17,25,3.6895
CTD,2,36.72,2023-08-22,25,3.6895
CTD,1,68.95,2024-03-15,25,3.6895
CTD,2,50.59,2024-09-16,25,3.6895
CTD,1,87.64,2025-03-07,25,3.6895
CTD,2,57.63,2025-04-09,25,3.6895
CTD,1,92.76,2025-10-31,25,3.6895
CTD,2,66.38,2025-12-30,25,3.6895
CTD,1,90.3,2026-05-07,25,3.6895
CTI,1,14.85,2022-05-23,25,3.4566
CTI,2,10.05,2022-11-16,25,3.4566
CTI,1,23.45,2025-03-12,25,3.4566
CTI,2,17.2,2025-04-09,25,3.4566
CTI,1,28.95,2025-08-14,25,3.4566
CTI,2,20.5,2026-05-20,25,3.4566
D2D,1,30.49,2022-05-23,20,2.4256
D2D,2,10.35,2022-11-16,20,2.4256
D2D,1,21.37,2023-07-12,20,2.4256
D2D,2,15.44,2023-11-01,20,2.4256
D2D,1,32.48,2024-06-17,20,2.4256
D2D,2,24.66,2024-08-06,20,2.4256
D2D,1,32.77,2024-10-01,20,2.4256
D2D,2,24.74,2024-11-20,20,2.4256
D2D,1,40.0,2025-08-11,20,2.4256
PVC,1,17.1,2022-05-23,35,4.9107
PVC,2,10.55,2022-07-07,35,4.9107
PVC,1,17.68,2022-09-06,35,4.9107
PVC,2,5.9,2022-11-16,35,4.9107
PVC,1,18.2,2024-05-23,35,4.9107
PVC,2,7.4,2025-04-09,35,4.9107
PVC,1,23.0,2026-03-05,35,4.9107
PVC,2,13.9,2026-05-11,35,4.9107
PVD,1,19.0,2022-05-23,25,3.7001
PVD,2,13.05,2022-07-07,25,3.7001
PVD,1,23.23,2022-09-15,25,3.7001
PVD,2,11.64,2022-11-16,25,3.7001
PVD,1,34.13,2024-04-03,25,3.7001
PVD,2,16.23,2025-04-22,25,3.7001
PVD,1,45.5,2026-03-04,25,3.7001
PVD,2,29.5,2026-04-28,25,3.7001
QNS,1,32.5,2022-05-23,15,1.8494
QNS,2,22.81,2022-11-16,15,1.8494
QNS,1,42.86,2023-07-26,15,1.8494
QNS,2,35.86,2023-08-22,15,1.8494
QNS,1,41.84,2023-09-20,15,1.8494
QNS,2,33.98,2023-10-31,15,1.8494
QNS,1,45.72,2025-02-07,15,1.8494
QNS,2,38.32,2025-04-04,15,1.8494
QNS,1,46.12,2025-08-13,15,1.8494
QNS,2,38.08,2026-01-26,15,1.8494
QNS,1,49.2,2026-05-12,15,1.8494
DXG,1,18.6,2022-05-23,30,4.385
DXG,2,11.72,2022-06-21,30,4.385
DXG,1,20.21,2022-08-19,30,4.385
DXG,2,5.4,2022-11-16,30,4.385
DXG,1,10.69,2022-12-16,30,4.385
DXG,2,6.57,2023-02-27,30,4.385
DXG,1,15.82,2023-09-21,30,4.385
DXG,2,10.43,2023-10-18,30,4.385
DXG,1,14.99,2024-04-03,30,4.385
DXG,2,8.66,2024-08-06,30,4.385
DXG,1,21.53,2025-09-15,30,4.385
DXG,2,11.25,2026-03-10,30,4.385
DXS,1,14.39,2022-05-23,35,4.5421
DXS,2,3.19,2022-11-16,35,4.5421
DXS,1,9.82,2023-09-08,35,4.5421
DXS,2,5.41,2023-11-01,35,4.5421
DXS,1,8.68,2024-05-31,35,4.5421
DXS,2,5.2,2024-08-06,35,4.5421
DXS,1,8.3,2024-12-10,35,4.5421
DXS,2,5.32,2025-04-09,35,4.5421
DXS,1,14.35,2025-09-04,35,4.5421
DXS,2,5.8,2026-03-10,35,4.5421
DXS,1,8.64,2026-05-15,35,4.5421
IJC,2,9.43,2022-05-23,25,3.4803
IJC,1,12.59,2022-06-10,25,3.4803
IJC,2,9.01,2022-06-21,25,3.4803
IJC,1,13.45,2022-08-24,25,3.4803
IJC,2,4.71,2022-11-15,25,3.4803
IJC,1,12.2,2023-08-07,25,3.4803
IJC,2,7.87,2023-11-01,25,3.4803
IJC,1,13.33,2025-03-17,25,3.4803
IJC,2,8.68,2025-04-09,25,3.4803
IJC,1,14.65,2025-09-26,25,3.4803
IJC,2,9.49,2026-03-09,25,3.4803
IDJ,1,14.76,2022-05-23,45,5.8328
IDJ,2,3.42,2022-11-16,45,5.8328
IDJ,1,14.64,2023-05-31,45,5.8328
IDJ,2,4.42,2023-07-12,45,5.8328
IDJ,1,7.83,2023-08-17,45,5.8328
IDJ,2,4.05,2024-04-19,45,5.8328
IDJ,1,8.8,2024-05-29,45,5.8328
IDJ,2,3.6,2025-04-09,45,5.8328
IDJ,1,8.5,2025-08-15,45,5.8328
IDJ,2,3.6,2026-03-10,45,5.8328
IDI,2,14.95,2022-05-23,25,3.7245
IDI,1,21.31,2022-06-06,25,3.7245
IDI,2,13.15,2022-07-11,25,3.7245
IDI,1,17.38,2022-09-15,25,3.7245
IDI,2,5.79,2022-11-16,25,3.7245
IDI,1,13.28,2023-09-22,25,3.7245
IDI,2,7.42,2023-11-01,25,3.7245
IDI,1,11.19,2024-03-13,25,3.7245
IDI,2,5.45,2025-04-22,25,3.7245
IDI,1,9.39,2025-08-14,25,3.7245
IDI,2,5.49,2026-05-20,25,3.7245
IDC,2,29.54,2022-05-23,30,3.9051
IDC,1,46.85,2022-08-25,30,3.9051
IDC,2,16.23,2022-11-16,30,3.9051
IDC,1,53.35,2024-06-17,30,3.9051
IDC,2,25.86,2025-04-10,30,3.9051
IDC,1,47.05,2025-08-21,30,3.9051
IDC,2,31.75,2025-10-20,30,3.9051
IDC,1,52.4,2026-02-03,30,3.9051
MBS,1,8.98,2022-05-23,35,4.9017
MBS,2,5.11,2022-06-21,35,4.9017
MBS,1,10.71,2022-08-15,35,4.9017
MBS,2,4.09,2022-11-16,35,4.9017
MBS,1,14.51,2023-09-20,35,4.9017
MBS,2,8.37,2023-11-01,35,4.9017
MBS,1,33.26,2025-08-19,35,4.9017
MBS,2,17.05,2026-03-20,35,4.9017
QCG,1,10.6,2022-05-23,35,5.0109
QCG,2,6.52,2022-06-22,35,5.0109
QCG,1,9.68,2022-08-11,35,5.0109
QCG,2,3.1,2022-11-16,35,5.0109
QCG,1,12.85,2023-06-14,35,5.0109
QCG,2,7.85,2023-07-07,35,5.0109
QCG,1,15.95,2023-09-08,35,5.0109
QCG,2,9.01,2023-11-01,35,5.0109
QCG,1,18.8,2024-04-22,35,5.0109
QCG,2,5.59,2024-08-12,35,5.0109
QCG,1,14.35,2024-11-07,35,5.0109
QCG,2,8.65,2025-04-09,35,5.0109
QCG,1,18.8,2025-12-15,35,5.0109
QCG,2,12.0,2026-03-23,35,5.0109
MBB,1,12.21,2022-05-23,20,2.385
MBB,2,7.13,2022-11-16,20,2.385
MBB,1,18.75,2025-03-12,20,2.385
MBB,2,14.59,2025-04-09,20,2.385
MBB,1,29.5,2025-08-15,20,2.385
MBB,2,22.8,2025-11-25,20,2.385
MBB,1,29.5,2026-02-11,20,2.385
VJC,1,125.5,2022-05-23,20,2.4933
VJC,2,96.1,2022-11-04,20,2.4933
VJC,1,118.0,2023-01-27,20,2.4933
VJC,2,94.0,2023-02-27,20,2.4933
VJC,1,119.6,2024-05-13,20,2.4933
VJC,2,77.1,2025-04-09,20,2.4933
VJC,1,220.0,2025-11-26,20,2.4933
VJC,2,145.5,2026-03-09,20,2.4933
VJC,1,190.0,2026-05-06,20,2.4933
VIX,1,6.37,2022-05-23,35,4.4516
VIX,2,3.82,2022-06-21,35,4.4516
VIX,1,8.15,2022-08-26,35,4.4516
VIX,2,2.74,2022-11-16,35,4.4516
VIX,1,13.28,2023-09-13,35,4.4516
VIX,2,7.55,2023-10-31,35,4.4516
VIX,1,13.73,2024-03-14,35,4.4516
VIX,2,7.24,2025-01-13,35,4.4516
VIX,1,34.14,2025-10-16,35,4.4516
VIX,2,15.15,2026-03-23,35,4.4516
VPB,1,17.75,2022-05-23,20,2.7799
VPB,2,12.38,2022-10-11,20,2.7799
VPB,1,15.41,2022-11-02,20,2.7799
VPB,2,11.81,2022-11-16,20,2.7799
VPB,1,20.13,2024-10-15,20,2.7799
VPB,2,14.49,2025-04-09,20,2.7799
VPB,1,38.22,2025-08-21,20,2.7799
VPB,2,23.48,2026-03-23,20,2.7799
VPB,1,28.25,2026-05-15,20,2.7799
VPI,2,43.44,2022-05-23,15,1.9557
VPI,1,50.22,2022-09-13,15,1.9557
VPI,2,42.54,2022-11-22,15,1.9557
VPI,1,49.97,2022-12-01,15,1.9557
VPI,2,41.56,2023-08-18,15,1.9557
VPI,1,60.1,2025-01-22,15,1.9557
VPI,2,47.7,2025-05-15,15,1.9557
VPI,1,61.9,2025-10-17,15,1.9557
VPI,2,50.9,2025-11-06,15,1.9557
VPI,1,62.0,2025-12-24,15,1.9557
VPI,2,52.1,2026-01-28,15,1.9557
VPI,1,63.5,2026-05-19,15,1.9557
VPL,2,85.5,2025-05-13,25,3.7295
VPL,1,111.0,2025-12-09,25,3.7295
VPL,2,76.5,2025-12-16,25,3.7295
VPL,1,106.6,2025-12-25,25,3.7295
VPL,2,67.0,2026-03-10,25,3.7295
VPL,1,93.0,2026-05-11,25,3.7295
DGC,2,79.96,2022-05-23,25,3.3911
DGC,1,117.7,2022-06-17,25,3.3911
DGC,2,56.05,2022-10-10,25,3.3911
DGC,1,71.89,2022-10-18,25,3.3911
DGC,2,40.73,2022-11-22,25,3.3911
DGC,1,58.86,2022-12-14,25,3.3911
DGC,2,43.05,2023-02-28,25,3.3911
DGC,1,124.97,2024-06-21,25,3.3911
DGC,2,70.04,2025-04-09,25,3.3911
DGC,1,106.25,2025-08-12,25,3.3911
DGC,2,58.2,2025-12-29,25,3.3911
DGC,1,82.0,2026-03-12,25,3.3911
DGC,2,47.0,2026-05-20,25,3.3911
HVN,1,14.19,2022-05-23,25,3.6045
HVN,2,6.16,2022-11-16,25,3.6045
HVN,1,12.19,2022-12-19,25,3.6045
HVN,2,8.88,2023-02-13,25,3.6045
HVN,1,11.54,2023-06-26,25,3.6045
HVN,2,7.69,2023-11-01,25,3.6045
HVN,1,29.16,2024-07-08,25,3.6045
HVN,2,15.05,2024-07-26,25,3.6045
HVN,1,38.45,2025-09-16,25,3.6045
HVN,2,24.5,2026-01-06,25,3.6045
HVN,1,31.4,2026-01-15,25,3.6045
HVN,2,19.3,2026-03-23,25,3.6045
DGW,2,42.15,2022-05-23,30,3.8473
DGW,1,56.45,2022-06-09,30,3.8473
DGW,2,37.53,2022-07-18,30,3.8473
DGW,1,57.46,2022-09-15,30,3.8473
DGW,2,24.68,2022-11-16,30,3.8473
DGW,1,34.57,2022-12-05,30,3.8473
DGW,2,19.85,2023-03-31,30,3.8473
DGW,1,46.13,2023-09-13,30,3.8473
DGW,2,29.43,2023-11-01,30,3.8473
DGW,1,51.31,2024-03-15,30,3.8473
DGW,2,27.65,2025-04-09,30,3.8473
DGW,1,56.53,2026-02-05,30,3.8473
DGW,2,38.47,2026-03-23,30,3.8473
DHC,1,43.79,2022-05-23,20,2.7636
DHC,2,33.93,2022-06-15,20,2.7636
DHC,1,41.37,2022-06-17,20,2.7636
DHC,2,17.67,2022-11-17,20,2.7636
DHC,1,36.69,2023-09-20,20,2.7636
DHC,2,27.51,2023-12-19,20,2.7636
DHC,1,36.24,2024-03-14,20,2.7636
DHC,2,19.31,2025-04-09,20,2.7636
DHC,1,41.65,2026-02-04,20,2.7636
DHC,2,32.6,2026-03-23,20,2.7636
VND,1,19.48,2022-05-23,30,3.8496
VND,2,11.87,2022-06-21,30,3.8496
VND,1,18.63,2022-08-25,30,3.8496
VND,2,7.29,2022-11-14,30,3.8496
VND,1,20.47,2023-09-20,30,3.8496
VND,2,13.03,2023-10-31,30,3.8496
VND,1,19.87,2024-03-25,30,3.8496
VND,2,10.6,2025-01-15,30,3.8496
VND,1,26.58,2025-09-05,30,3.8496
VND,2,13.9,2026-03-23,30,3.8496
MIG,2,16.24,2022-05-23,25,3.3024
MIG,1,22.44,2022-06-08,25,3.3024
MIG,2,8.92,2022-11-16,25,3.3024
MIG,1,20.9,2024-07-09,25,3.3024
MIG,2,14.0,2024-09-16,25,3.3024
MIG,1,18.09,2024-12-25,25,3.3024
MIG,2,13.17,2025-04-09,25,3.3024
MIG,1,21.35,2026-01-16,25,3.3024
VNM,2,53.71,2022-05-23,15,1.9566
VNM,1,66.26,2022-09-06,15,1.9566
VNM,2,55.77,2022-10-07,15,1.9566
VNM,1,71.79,2022-12-05,15,1.9566
VNM,2,55.91,2023-06-21,15,1.9566
VNM,1,71.57,2023-09-15,15,1.9566
VNM,2,56.26,2024-04-16,15,1.9566
VNM,1,68.04,2024-08-20,15,1.9566
VNM,2,47.45,2025-04-09,15,1.9566
VNM,1,75.5,2026-01-20,15,1.9566
VNM,2,58.1,2026-03-09,15,1.9566
DIG,1,42.16,2022-05-23,35,4.5242
DIG,2,22.29,2022-06-22,35,4.5242
DIG,1,37.03,2022-08-17,35,4.5242
DIG,2,8.13,2022-11-16,35,4.5242
DIG,1,17.65,2022-12-06,35,4.5242
DIG,2,9.38,2023-03-14,35,4.5242
DIG,1,25.95,2023-09-07,35,4.5242
DIG,2,16.49,2023-10-20,35,4.5242
DIG,1,29.37,2024-04-12,35,4.5242
DIG,2,11.81,2025-04-23,35,4.5242
DIG,1,25.1,2025-10-17,35,4.5242
DIG,2,12.35,2026-03-10,35,4.5242
MHC,1,6.63,2022-05-23,35,4.4985
MHC,2,3.42,2022-10-25,35,4.4985
MHC,1,12.67,2023-09-06,35,4.4985
MHC,2,6.67,2023-11-01,35,4.4985
MHC,1,10.43,2024-04-08,35,4.4985
MHC,2,5.85,2024-11-18,35,4.4985
MHC,1,16.15,2025-08-20,35,4.4985
MHC,2,8.9,2026-03-30,35,4.4985
VOS,2,12.8,2022-05-23,30,4.2295
VOS,1,18.01,2022-08-09,30,4.2295
VOS,2,5.35,2022-11-16,30,4.2295
VOS,1,13.36,2023-09-25,30,4.2295
VOS,2,7.45,2023-11-01,30,4.2295
VOS,1,20.94,2024-07-09,30,4.2295
VOS,2,12.38,2024-10-25,30,4.2295
VOS,1,17.03,2024-12-25,30,4.2295
VOS,2,10.43,2025-04-11,30,4.2295
VOS,1,18.75,2026-03-04,30,4.2295
VOS,2,12.1,2026-05-20,30,4.2295
VTP,1,38.18,2022-05-23,30,3.9732
VTP,2,12.12,2022-11-16,30,3.9732
VTP,1,69.87,2024-03-18,30,3.9732
VTP,2,46.38,2024-04-19,30,3.9732
VTP,1,70.29,2024-06-21,30,3.9732
VTP,2,48.52,2024-08-05,30,3.9732
VTP,1,127.06,2025-01-22,30,3.9732
VTP,2,66.33,2025-04-22,30,3.9732
VTP,1,96.74,2026-01-15,30,3.9732
VTP,2,60.77,2026-03-23,30,3.9732
HT1,1,15.52,2022-05-23,25,3.3084
HT1,2,6.72,2022-11-16,25,3.3084
HT1,1,17.06,2023-07-24,25,3.3084
HT1,2,10.63,2023-11-01,25,3.3084
HT1,1,14.55,2024-07-16,25,3.3084
HT1,2,9.17,2025-04-09,25,3.3084
HT1,1,21.0,2025-10-23,25,3.3084
HT1,2,14.15,2025-12-15,25,3.3084
HT1,1,18.1,2026-03-04,25,3.3084
HT1,2,13.5,2026-05-20,25,3.3084
MWG,2,64.12,2022-05-23,20,3.0184
MWG,1,77.88,2022-06-17,20,3.0184
MWG,2,57.37,2022-07-20,20,3.0184
MWG,1,74.33,2022-09-12,20,3.0184
MWG,2,34.75,2022-11-16,20,3.0184
MWG,1,49.19,2023-02-02,20,3.0184
MWG,2,36.97,2023-04-25,20,3.0184
MWG,1,58.46,2023-09-13,20,3.0184
MWG,2,33.12,2023-11-02,20,3.0184
MWG,1,69.8,2024-08-26,20,3.0184
MWG,2,45.1,2025-04-09,20,3.0184
MWG,1,94.4,2026-02-03,20,3.0184
MWG,2,74.2,2026-05-20,20,3.0184
DTD,1,13.32,2022-05-23,35,4.8447
DTD,2,4.84,2022-11-16,35,4.8447
DTD,1,24.6,2023-07-25,35,4.8447
DTD,2,14.79,2023-09-27,35,4.8447
DTD,1,20.93,2023-10-16,35,4.8447
DTD,2,12.77,2023-11-01,35,4.8447
DTD,1,31.16,2024-07-10,35,4.8447
DTD,2,11.65,2025-04-11,35,4.8447
DTD,1,23.7,2025-08-19,35,4.8447
DTD,2,14.0,2026-05-20,35,4.8447
HSG,1,13.06,2022-05-23,25,3.6937
HSG,2,8.12,2022-06-21,25,3.6937
HSG,1,13.36,2022-09-06,25,3.6937
HSG,2,8.12,2022-10-10,25,3.6937
HSG,1,10.17,2022-10-18,25,3.6937
HSG,2,4.84,2022-11-16,25,3.6937
HSG,1,17.38,2023-09-21,25,3.6937
HSG,2,11.7,2023-10-19,25,3.6937
HSG,1,19.48,2024-07-10,25,3.6937
HSG,2,9.52,2025-04-22,25,3.6937
HSG,1,16.28,2025-09-15,25,3.6937
HSG,2,10.48,2026-03-23,25,3.6937
QTP,1,10.5,2022-05-23,15,2.2404
QTP,2,8.4,2022-10-25,15,2.2404
QTP,1,9.94,2022-10-28,15,2.2404
QTP,2,6.99,2022-11-16,15,2.2404
QTP,1,13.24,2023-07-11,15,2.2404
QTP,2,10.27,2023-10-26,15,2.2404
QTP,1,14.6,2024-06-21,15,2.2404
QTP,2,11.08,2025-04-04,15,2.2404
QTP,1,13.43,2026-01-20,15,2.2404
QTP,2,10.5,2026-02-02,15,2.2404
QTP,1,14.8,2026-03-20,15,2.2404
QTP,2,11.9,2026-05-20,15,2.2404
HUT,1,26.94,2022-05-23,35,4.8007
HUT,2,9.3,2022-11-16,35,4.8007
HUT,1,19.36,2022-12-12,35,4.8007
HUT,2,12.14,2023-02-13,35,4.8007
HUT,1,27.51,2023-09-07,35,4.8007
HUT,2,14.23,2023-11-01,35,4.8007
HUT,1,20.49,2024-01-10,35,4.8007
HUT,2,10.65,2025-04-23,35,4.8007
HUT,1,21.1,2025-08-14,35,4.8007
VRE,1,27.85,2022-05-23,25,3.3827
VRE,2,16.1,2025-01-15,25,3.3827
VRE,1,45.2,2025-10-14,25,3.3827
VRE,2,27.45,2025-12-15,25,3.3827
VRE,1,39.5,2026-01-07,25,3.3827
VRE,2,23.5,2026-03-10,25,3.3827
VRE,1,37.5,2026-05-07,25,3.3827
HTN,1,35.02,2022-05-23,30,4.1693
HTN,2,22.68,2022-06-22,30,4.1693
HTN,1,36.34,2022-08-16,30,4.1693
HTN,2,14.4,2022-11-11,30,4.1693
HTN,1,19.2,2022-12-05,30,4.1693
HTN,2,12.2,2022-12-29,30,4.1693
HTN,1,15.9,2023-02-01,30,4.1693
HTN,2,10.05,2023-03-14,30,4.1693
HTN,1,22.0,2023-09-11,30,4.1693
HTN,2,13.6,2023-10-27,30,4.1693
HTN,1,18.2,2023-11-23,30,4.1693
HTN,2,7.06,2024-11-18,30,4.1693
HTN,1,11.8,2025-03-12,30,4.1693
HTN,2,7.71,2025-04-09,30,4.1693
HTN,1,14.3,2025-08-15,30,4.1693
HTN,2,6.02,2026-03-10,30,4.1693
HTN,1,8.8,2026-04-29,30,4.1693
VSC,2,16.61,2022-05-23,25,3.636
VSC,1,21.61,2022-06-09,25,3.636
VSC,2,12.02,2023-05-15,25,3.636
VSC,1,17.3,2023-07-10,25,3.636
VSC,2,11.2,2023-11-01,25,3.636
VSC,1,17.5,2024-06-10,25,3.636
VSC,2,10.82,2025-04-09,25,3.636
VSC,1,38.65,2025-08-19,25,3.636
VSC,2,19.0,2026-01-05,25,3.636
VSC,1,27.9,2026-03-03,25,3.636
VSC,2,20.0,2026-05-20,25,3.636
MSH,2,21.81,2022-05-23,20,3.0148
MSH,1,29.37,2022-06-09,20,3.0148
MSH,2,20.09,2022-07-07,20,3.0148
MSH,1,24.79,2022-07-21,20,3.0148
MSH,2,14.33,2022-10-10,20,3.0148
MSH,1,24.5,2023-09-20,20,3.0148
MSH,2,17.02,2023-11-01,20,3.0148
MSH,1,29.4,2024-05-21,20,3.0148
MSH,2,23.14,2024-08-05,20,3.0148
MSH,1,36.65,2025-03-12,20,3.0148
MSH,2,22.03,2025-04-16,20,3.0148
MSH,1,40.16,2026-02-05,20,3.0148
MSN,1,108.9,2022-05-23,20,2.8501
MSN,2,69.1,2022-10-25,20,2.8501
MSN,1,110.0,2022-12-05,20,2.8501
MSN,2,70.0,2023-05-24,20,2.8501
MSN,1,89.4,2023-08-08,20,2.8501
MSN,2,56.0,2023-10-31,20,2.8501
MSN,1,81.6,2024-03-14,20,2.8501
MSN,2,64.5,2024-04-23,20,2.8501
MSN,1,82.3,2024-10-16,20,2.8501
MSN,2,50.3,2025-04-09,20,2.8501
MSN,1,94.0,2025-10-17,20,2.8501
MSN,2,66.1,2026-03-10,20,2.8501
MSN,1,82.5,2026-04-17,20,2.8501
HPG,1,19.53,2022-05-23,20,2.6644
HPG,2,13.84,2022-06-21,20,2.6644
HPG,1,16.68,2022-08-16,20,2.6644
HPG,2,7.98,2022-11-16,20,2.6644
HPG,1,19.86,2023-09-13,20,2.6644
HPG,2,15.26,2023-10-26,20,2.6644
HPG,1,22.26,2024-06-17,20,2.6644
HPG,2,15.83,2025-04-09,20,2.6644
HPG,1,27.54,2025-09-15,20,2.6644
MST,1,12.6,2022-05-23,40,5.2146
MST,2,5.76,2022-07-11,40,5.2146
MST,1,8.07,2022-08-09,40,5.2146
MST,2,4.2,2022-10-11,40,5.2146
MST,1,7.0,2022-10-28,40,5.2146
MST,2,3.29,2022-11-25,40,5.2146
MST,1,6.84,2024-03-22,40,5.2146
MST,2,4.01,2024-08-06,40,5.2146
MST,1,6.93,2025-01-20,40,5.2146
MST,2,4.1,2025-04-10,40,5.2146
MST,1,9.1,2026-04-03,40,5.2146
MSR,1,21.06,2022-05-23,35,4.944
MSR,2,7.38,2022-11-16,35,4.944
MSR,1,21.1,2023-09-25,35,4.944
MSR,2,12.5,2023-12-18,35,4.944
MSR,1,19.2,2024-05-16,35,4.944
MSR,2,10.4,2025-01-22,35,4.944
MSR,1,25.6,2025-02-18,35,4.944
MSR,2,13.3,2025-04-09,35,4.944
MSR,1,57.0,2026-03-13,35,4.944
MSR,2,36.8,2026-04-29,35,4.944
DPG,1,29.82,2022-05-23,30,4.0029
DPG,2,9.98,2022-11-16,30,4.0029
DPG,1,28.49,2023-09-08,30,4.0029
DPG,2,18.99,2023-11-01,30,4.0029
DPG,1,38.08,2024-06-13,30,4.0029
DPG,2,25.59,2025-04-09,30,4.0029
DPG,1,50.73,2025-08-20,30,4.0029
DPG,2,35.16,2026-01-12,30,4.0029
DPG,1,48.31,2026-02-26,30,4.0029
MSB,1,9.58,2022-05-23,20,2.5409
MSB,2,6.78,2022-06-21,20,2.5409
MSB,1,9.43,2022-08-26,20,2.5409
MSB,2,6.1,2022-10-12,20,2.5409
MSB,1,9.72,2023-09-20,20,2.5409
MSB,2,7.63,2023-10-31,20,2.5409
MSB,1,11.12,2024-10-03,20,2.5409
MSB,2,7.92,2025-04-09,20,2.5409
MSB,1,15.62,2025-09-05,20,2.5409
MSB,2,10.8,2026-03-09,20,2.5409
MSB,1,14.45,2026-05-19,20,2.5409
DPR,2,30.73,2022-05-23,20,2.8854
DPR,1,36.97,2022-06-10,20,2.8854
DPR,2,27.08,2022-07-07,20,2.8854
DPR,1,32.76,2022-09-05,20,2.8854
DPR,2,16.14,2022-11-16,20,2.8854
DPR,1,33.15,2023-10-16,20,2.8854
DPR,2,26.27,2023-11-01,20,2.8854
DPR,1,40.55,2024-04-02,20,2.8854
DPR,2,32.24,2024-04-19,20,2.8854
DPR,1,43.53,2024-06-11,20,2.8854
DPR,2,34.21,2024-08-06,20,2.8854
DPR,1,50.56,2025-03-27,20,2.8854
DPR,2,32.32,2025-04-22,20,2.8854
DPR,1,48.5,2026-03-04,20,2.8854
DPR,2,37.35,2026-03-23,20,2.8854
DPR,1,44.9,2026-05-15,20,2.8854
DPM,2,21.67,2022-05-23,25,3.0616
DPM,1,28.2,2022-06-08,25,3.0616
DPM,2,17.3,2022-07-07,25,3.0616
DPM,1,24.92,2022-09-05,25,3.0616
DPM,2,17.5,2022-10-07,25,3.0616
DPM,1,21.93,2022-10-18,25,3.0616
DPM,2,14.16,2022-11-16,25,3.0616
DPM,1,20.1,2023-01-04,25,3.0616
DPM,2,15.07,2023-05-25,25,3.0616
DPM,1,21.94,2023-09-11,25,3.0616
DPM,2,14.9,2023-10-31,25,3.0616
DPM,1,20.96,2024-06-07,25,3.0616
DPM,2,15.2,2025-04-09,25,3.0616
DPM,1,29.9,2025-08-11,25,3.0616
DPM,2,21.55,2025-12-16,25,3.0616
DPM,1,35.8,2026-03-13,25,3.0616
DPM,2,25.5,2026-04-29,25,3.0616
DRC,1,17.68,2022-05-23,20,2.741
DRC,2,10.05,2022-11-16,20,2.741
DRC,1,24.78,2024-04-03,20,2.741
DRC,2,19.38,2024-04-19,20,2.741
DRC,1,26.89,2024-06-27,20,2.741
DRC,2,12.69,2025-04-22,20,2.741
DRC,1,17.63,2025-08-14,20,2.741
DRC,2,11.86,2026-05-20,20,2.741
MPC,2,16.1,2022-05-23,25,3.4561
MPC,1,22.12,2022-06-20,25,3.4561
MPC,2,12.56,2022-11-16,25,3.4561
MPC,1,19.1,2022-12-08,25,3.4561
MPC,2,14.32,2023-10-31,25,3.4561
MPC,1,18.89,2024-06-24,25,3.4561
MPC,2,8.88,2025-04-09,25,3.4561
MPC,1,11.94,2025-04-11,25,3.4561
MPC,2,8.68,2025-04-22,25,3.4561
MPC,1,19.5,2026-02-27,25,3.4561
HQC,1,5.73,2022-05-23,30,3.779
HQC,2,3.63,2022-06-21,30,3.779
HQC,1,5.51,2022-08-11,30,3.779
HQC,2,1.5,2022-11-16,30,3.779
HQC,1,5.24,2023-08-07,30,3.779
HQC,2,2.85,2023-11-01,30,3.779
HQC,1,4.81,2024-03-18,30,3.779
HQC,2,2.54,2025-04-09,30,3.779
HQC,1,4.29,2025-07-21,30,3.779
HQC,2,2.35,2026-05-20,30,3.779
NAB,1,5.09,2022-05-23,20,2.6569
NAB,2,3.42,2022-10-11,20,2.6569
NAB,1,4.2,2022-10-20,20,2.6569
NAB,2,2.75,2022-11-16,20,2.6569
NAB,1,12.62,2025-03-18,20,2.6569
NAB,2,10.01,2025-04-09,20,2.6569
NAB,1,14.45,2025-08-25,20,2.6569
NAB,2,10.1,2026-03-20,20,2.6569
NAB,1,12.6,2026-05-13,20,2.6569
FIT,1,9.1,2022-05-23,25,3.2996
FIT,2,5.31,2022-06-21,25,3.2996
FIT,1,7.79,2022-08-11,25,3.2996
FIT,2,2.83,2022-11-16,25,3.2996
FIT,1,4.8,2022-12-06,25,3.2996
FIT,2,3.41,2022-12-27,25,3.2996
FIT,1,7.1,2023-06-14,25,3.2996
FIT,2,3.83,2023-11-01,25,3.2996
FIT,1,5.23,2024-02-23,25,3.2996
FIT,2,3.84,2025-04-09,25,3.2996
FIT,1,6.01,2025-12-10,25,3.2996
FIT,2,3.96,2026-05-20,25,3.2996
VCB,2,41.67,2022-05-23,15,2.0871
VCB,1,48.97,2022-08-31,15,2.0871
VCB,2,35.1,2022-10-11,15,2.0871
VCB,1,67.17,2024-02-29,15,2.0871
VCB,2,56.81,2024-06-28,15,2.0871
VCB,1,68.6,2025-03-12,15,2.0871
VCB,2,52.0,2025-04-09,15,2.0871
VCB,1,70.6,2025-08-28,15,2.0871
VCB,2,56.0,2025-12-16,15,2.0871
VCB,1,78.8,2026-01-14,15,2.0871
VCB,2,56.5,2026-03-23,15,2.0871
VCB,1,65.0,2026-05-19,15,2.0871
VCG,1,17.71,2022-05-23,25,3.6147
VCG,2,11.6,2022-06-21,25,3.6147
VCG,1,19.33,2022-09-23,25,3.6147
VCG,2,7.98,2022-11-16,25,3.6147
VCG,1,23.67,2023-09-11,25,3.6147
VCG,2,15.13,2023-10-31,25,3.6147
VCG,1,21.36,2024-04-03,25,3.6147
VCG,2,14.65,2024-08-06,25,3.6147
VCG,1,29.1,2025-09-29,25,3.6147
VCG,2,18.1,2026-02-09,25,3.6147
VCG,1,24.5,2026-03-16,25,3.6147
VCI,2,14.16,2022-05-23,25,3.6761
VCI,1,20.88,2022-09-07,25,3.6761
VCI,2,8.79,2022-11-16,25,3.6761
VCI,1,28.29,2023-09-13,25,3.6761
VCI,2,18.14,2023-11-01,25,3.6761
VCI,1,30.8,2024-03-21,25,3.6761
VCI,2,22.44,2025-01-13,25,3.6761
VCI,1,35.86,2025-08-29,25,3.6761
VCI,2,23.71,2025-12-15,25,3.6761
VCI,1,31.19,2026-03-05,25,3.6761
VEA,1,27.79,2022-05-23,15,2.0076
VEA,2,22.1,2022-11-16,15,2.0076
VEA,1,29.33,2023-02-01,15,2.0076
VEA,2,24.77,2023-11-01,15,2.0076
VEA,1,40.16,2024-06-21,15,2.0076
VEA,2,31.56,2024-08-05,15,2.0076
VEA,1,39.12,2024-11-19,15,2.0076
VEA,2,32.91,2024-11-20,15,2.0076
VEA,1,39.83,2025-01-03,15,2.0076
VEA,2,31.05,2025-04-09,15,2.0076
VEA,1,36.73,2025-04-10,15,2.0076
VEA,2,30.25,2025-06-04,15,2.0076
VEA,1,39.2,2025-11-18,15,2.0076
VEA,2,29.3,2025-12-31,15,2.0076
VEA,1,43.2,2026-01-16,15,2.0076
VEA,2,31.0,2026-03-09,15,2.0076
VEA,1,35.8,2026-05-19,15,2.0076
VDS,1,11.16,2022-05-23,30,4.1385
VDS,2,7.61,2022-06-21,30,4.1385
VDS,1,12.06,2022-08-25,30,4.1385
VDS,2,5.21,2022-11-16,30,4.1385
VDS,1,15.07,2023-09-13,30,4.1385
VDS,2,9.9,2023-11-01,30,4.1385
VDS,1,22.43,2024-06-14,30,4.1385
VDS,2,12.04,2025-04-23,30,4.1385
VDS,1,26.6,2025-09-05,30,4.1385
VDS,2,12.85,2026-05-20,30,4.1385
VCS,1,63.37,2022-05-23,20,2.9
VCS,2,49.38,2022-06-24,20,2.9
VCS,1,59.47,2022-08-16,20,2.9
VCS,2,34.78,2022-10-12,20,2.9
VCS,1,41.75,2022-10-18,20,2.9
VCS,2,30.49,2022-10-26,20,2.9
VCS,1,39.0,2022-10-28,20,2.9
VCS,2,24.75,2022-11-16,20,2.9
VCS,1,48.41,2022-12-20,20,2.9
VCS,2,37.65,2023-03-23,20,2.9
VCS,1,57.38,2023-09-08,20,2.9
VCS,2,39.21,2023-11-01,20,2.9
VCS,1,74.42,2024-06-20,20,2.9
VCS,2,51.53,2024-09-17,20,2.9
VCS,1,62.44,2024-11-14,20,2.9
VCS,2,35.35,2025-04-09,20,2.9
VCS,1,52.39,2025-07-15,20,2.9
VCS,2,38.0,2026-05-20,20,2.9
VGI,1,31.1,2022-05-23,35,4.597
VGI,2,15.01,2022-11-16,35,4.597
VGI,1,113.2,2024-06-20,35,4.597
VGI,2,57.1,2024-08-02,35,4.597
VGI,1,97.7,2024-12-23,35,4.597
VGI,2,51.8,2025-04-09,35,4.597
VGI,1,142.0,2026-01-22,35,4.597
VGI,2,79.0,2026-04-23,35,4.597
VGI,1,109.0,2026-05-19,35,4.597
VGC,2,31.58,2022-05-23,30,3.8757
VGC,1,62.72,2022-08-24,30,3.8757
VGC,2,21.82,2022-11-16,30,3.8757
VGC,1,39.38,2022-12-14,30,3.8757
VGC,2,26.85,2023-03-21,30,3.8757
VGC,1,56.33,2024-03-29,30,3.8757
VGC,2,36.22,2024-08-06,30,3.8757
VGC,1,50.88,2025-02-20,30,3.8757
VGC,2,34.78,2025-04-11,30,3.8757
VGC,1,65.74,2025-08-19,30,3.8757
VGC,2,39.25,2025-12-12,30,3.8757
VGC,1,58.6,2026-02-04,30,3.8757
NBC,2,12.38,2022-05-23,30,4.0874
NBC,1,16.83,2022-06-10,30,4.0874
NBC,2,4.02,2022-11-16,30,4.0874
NBC,1,13.31,2024-04-05,30,4.0874
NBC,2,7.89,2024-11-11,30,4.0874
NBC,1,12.07,2025-02-11,30,4.0874
NBC,2,7.79,2025-04-09,30,4.0874
NBC,1,12.4,2026-03-23,30,4.0874
NBC,2,8.4,2026-05-20,30,4.0874
VIP,1,5.58,2022-05-23,25,3.0887
VIP,2,3.67,2022-11-16,25,3.0887
VIP,1,16.04,2024-06-10,25,3.0887
VIP,2,11.86,2024-07-03,25,3.0887
VIP,1,15.67,2024-07-11,25,3.0887
VIP,2,11.25,2024-08-06,25,3.0887
VIP,1,15.39,2025-02-24,25,3.0887
VIP,2,10.51,2025-04-09,25,3.0887
VIP,1,14.45,2025-09-17,25,3.0887
NDN,1,13.17,2022-05-23,25,3.654
NDN,2,9.0,2022-06-21,25,3.654
NDN,1,11.65,2022-08-11,25,3.654
NDN,2,5.21,2022-11-16,25,3.654
NDN,1,12.32,2023-08-17,25,3.654
NDN,2,8.24,2023-11-01,25,3.654
NDN,1,12.03,2024-04-01,25,3.654
NDN,2,8.62,2024-04-23,25,3.654
NDN,1,12.22,2024-07-09,25,3.654
NDN,2,6.54,2025-04-09,25,3.654
NDN,1,14.5,2025-08-20,25,3.654
NDN,2,9.2,2026-03-23,25,3.654
NDN,1,11.5,2026-05-15,25,3.654
VIC,1,38.4,2022-05-23,25,3.2635
VIC,2,24.56,2022-11-08,25,3.2635
VIC,1,36.82,2022-12-08,25,3.2635
VIC,2,24.71,2023-07-07,25,3.2635
VIC,1,37.85,2023-08-17,25,3.2635
VIC,2,19.12,2023-10-27,25,3.2635
VIC,1,190.0,2026-01-08,25,3.2635
VIC,2,118.9,2026-02-05,25,3.2635
VIC,1,178.5,2026-02-27,25,3.2635
VIC,2,122.8,2026-03-24,25,3.2635
VIC,1,232.0,2026-05-14,25,3.2635
FCN,1,16.82,2022-05-23,30,3.9407
FCN,2,10.88,2022-06-21,30,3.9407
FCN,1,16.68,2022-09-23,30,3.9407
FCN,2,5.65,2022-11-16,30,3.9407
FCN,1,19.22,2023-09-19,30,3.9407
FCN,2,10.63,2023-11-01,30,3.9407
FCN,1,16.68,2024-04-01,30,3.9407
FCN,2,10.73,2024-08-07,30,3.9407
FCN,1,16.0,2025-02-24,30,3.9407
FCN,2,10.78,2025-04-09,30,3.9407
FCN,1,20.09,2025-08-19,30,3.9407
FCN,2,10.95,2026-03-10,30,3.9407
VIB,1,13.08,2022-05-23,20,2.5111
VIB,2,9.06,2022-06-21,20,2.5111
VIB,1,13.74,2022-07-29,20,2.5111
VIB,2,8.15,2022-11-15,20,2.5111
VIB,1,14.21,2023-09-14,20,2.5111
VIB,2,11.18,2023-10-26,20,2.5111
VIB,1,17.13,2025-03-05,20,2.5111
VIB,2,13.06,2025-04-09,20,2.5111
VIB,1,23.51,2025-08-22,20,2.5111
VIB,2,14.74,2026-03-09,20,2.5111
REE,2,38.97,2022-05-23,20,2.5058
REE,1,53.75,2022-06-08,20,2.5058
REE,2,38.16,2022-07-12,20,2.5058
REE,1,47.46,2022-09-06,20,2.5058
REE,2,31.93,2022-11-16,20,2.5058
REE,1,43.53,2022-12-09,20,2.5058
REE,2,31.81,2023-11-01,20,2.5058
REE,1,56.25,2025-03-10,20,2.5058
REE,2,42.43,2025-04-09,20,2.5058
REE,1,64.45,2026-03-30,20,2.5058
VHM,1,64.68,2022-05-23,25,3.2657
VHM,2,40.74,2022-11-08,25,3.2657
VHM,1,57.58,2022-12-06,25,3.2657
VHM,2,38.91,2023-02-27,25,3.2657
VHM,1,65.38,2023-08-01,25,3.2657
VHM,2,36.3,2023-11-01,25,3.2657
VHM,1,46.12,2024-02-20,25,3.2657
VHM,2,33.58,2024-08-06,25,3.2657
VHM,1,131.5,2025-10-14,25,3.2657
VHM,2,86.9,2025-11-11,25,3.2657
VHM,1,150.9,2026-01-08,25,3.2657
VHM,2,87.0,2026-03-04,25,3.2657
VHM,1,173.3,2026-05-11,25,3.2657
VHC,2,65.11,2022-05-23,25,3.1935
VHC,1,87.3,2022-06-08,25,3.1935
VHC,2,55.11,2022-07-12,25,3.1935
VHC,1,69.7,2022-09-06,25,3.1935
VHC,2,44.73,2022-11-28,25,3.1935
VHC,1,56.28,2022-12-12,25,3.1935
VHC,2,40.48,2023-03-31,25,3.1935
VHC,1,65.55,2023-09-20,25,3.1935
VHC,2,47.55,2023-11-01,25,3.1935
VHC,1,77.25,2024-05-09,25,3.1935
VHC,2,42.28,2025-04-22,25,3.1935
VHC,1,69.9,2026-02-03,25,3.1935
VGS,1,14.89,2022-05-23,40,5.1815
VGS,2,4.24,2022-11-16,40,5.1815
VGS,1,36.65,2024-07-11,40,5.1815
VGS,2,19.61,2025-01-15,40,5.1815
VGS,1,28.29,2025-02-27,40,5.1815
VGS,2,16.6,2025-04-10,40,5.1815
VGS,1,34.0,2025-08-15,40,5.1815
SAB,2,62.42,2022-05-23,15,2.135
SAB,1,82.28,2022-10-24,15,2.135
SAB,2,67.85,2022-11-28,15,2.135
SAB,1,81.82,2023-02-09,15,2.135
SAB,2,61.68,2023-08-23,15,2.135
SAB,1,72.37,2023-09-14,15,2.135
SAB,2,45.14,2023-11-01,15,2.135
SAB,1,54.93,2023-11-29,15,2.135
SAB,2,43.8,2024-04-19,15,2.135
SAB,1,58.45,2024-06-07,15,2.135
SAB,2,37.44,2025-04-09,15,2.135
SAB,1,57.1,2026-01-15,15,2.135
SAB,2,42.05,2026-03-30,15,2.135
SAB,1,49.4,2026-04-28,15,2.135
SAM,2,10.02,2022-05-23,25,3.3444
SAM,1,13.42,2022-08-17,25,3.3444
SAM,2,5.2,2022-11-24,25,3.3444
SAM,1,7.41,2022-12-05,25,3.3444
SAM,2,5.23,2023-02-13,25,3.3444
SAM,1,8.16,2023-08-15,25,3.3444
SAM,2,5.54,2023-10-26,25,3.3444
SAM,1,7.87,2024-06-06,25,3.3444
SAM,2,5.72,2024-08-15,25,3.3444
SAM,1,7.6,2025-02-28,25,3.3444
SAM,2,5.27,2025-04-09,25,3.3444
SAM,1,10.33,2025-08-20,25,3.3444
SAM,2,5.69,2026-03-09,25,3.3444
SBT,2,10.37,2022-05-23,20,2.6163
SBT,1,12.5,2022-06-08,20,2.6163
SBT,2,9.65,2022-06-21,20,2.6163
SBT,1,13.14,2022-08-15,20,2.6163
SBT,2,6.72,2022-11-16,20,2.6163
SBT,1,14.22,2023-07-21,20,2.6163
SBT,2,8.58,2024-04-19,20,2.6163
SBT,1,26.02,2025-10-13,20,2.6163
SBT,2,19.14,2026-03-23,20,2.6163
NKG,1,19.18,2022-05-23,30,3.9057
NKG,2,12.14,2022-06-21,30,3.9057
NKG,1,18.64,2022-09-15,30,3.9057
NKG,2,5.36,2022-11-16,30,3.9057
NKG,1,21.17,2024-06-17,30,3.9057
NKG,2,11.05,2025-04-22,30,3.9057
NKG,1,20.4,2025-09-12,30,3.9057
NKG,2,12.85,2026-03-23,30,3.9057
EIB,2,19.33,2022-05-23,25,3.2558
EIB,1,27.56,2022-10-28,25,3.2558
EIB,2,11.05,2022-11-22,25,3.2558
EIB,1,19.43,2022-12-22,25,3.2558
EIB,2,13.49,2023-02-15,25,3.2558
EIB,1,20.57,2023-09-05,25,3.2558
EIB,2,14.94,2024-04-19,25,3.2558
EIB,1,22.55,2025-03-05,25,3.2558
EIB,2,15.6,2025-04-09,25,3.2558
EIB,1,31.65,2025-08-19,25,3.2558
EIB,2,19.8,2025-12-16,25,3.2558
NLG,1,41.55,2022-05-23,25,3.6084
NLG,2,28.47,2022-06-21,25,3.6084
NLG,1,39.16,2022-08-26,25,3.6084
NLG,2,14.48,2022-11-16,25,3.6084
NLG,1,28.8,2023-01-04,25,3.6084
NLG,2,20.27,2023-03-21,25,3.6084
NLG,1,36.24,2023-09-07,25,3.6084
NLG,2,25.97,2023-11-01,25,3.6084
NLG,1,41.04,2024-04-03,25,3.6084
NLG,2,23.16,2025-04-22,25,3.6084
NLG,1,44.79,2025-08-14,25,3.6084
NLG,2,23.74,2026-03-09,25,3.6084
NLG,1,29.78,2026-04-01,25,3.6084
NVL,1,72.33,2022-05-23,30,4.192
NVL,2,17.76,2022-11-28,30,4.192
NVL,1,23.26,2022-12-01,30,4.192
NVL,2,9.37,2023-03-01,30,4.192
NVL,1,20.74,2023-09-08,30,4.192
NVL,2,11.32,2023-10-27,30,4.192
NVL,1,17.66,2024-04-08,30,4.192
NVL,2,8.09,2025-01-23,30,4.192
NVL,1,10.53,2025-03-17,30,4.192
NVL,2,7.34,2025-04-09,30,4.192
NVL,1,17.99,2025-08-11,30,4.192
NVL,2,11.23,2025-11-11,30,4.192
NVL,1,15.05,2025-11-19,30,4.192
NVL,2,9.32,2026-03-10,30,4.192
NVL,1,19.57,2026-04-29,30,4.192
EVF,1,9.24,2022-05-23,25,3.7067
EVF,2,5.24,2022-11-16,25,3.7067
EVF,1,18.33,2024-02-27,25,3.7067
EVF,2,11.96,2024-04-23,25,3.7067
EVF,1,15.61,2024-05-28,25,3.7067
EVF,2,8.36,2025-01-07,25,3.7067
EVF,1,11.7,2025-02-20,25,3.7067
EVF,2,7.94,2025-04-09,25,3.7067
EVF,1,16.5,2025-08-15,25,3.7067
EVF,2,10.6,2026-01-06,25,3.7067
EVF,1,15.25,2026-03-12,25,3.7067
NTC,1,149.04,2022-05-23,20,2.4122
NTC,2,73.25,2022-11-16,20,2.4122
NTC,1,116.15,2022-12-14,20,2.4122
NTC,2,88.88,2022-12-22,20,2.4122
NTC,1,194.55,2023-10-20,20,2.4122
NTC,2,146.77,2023-12-08,20,2.4122
NTC,1,223.39,2024-06-05,20,2.4122
NTC,2,165.69,2024-10-04,20,2.4122
NTC,1,235.53,2025-03-03,20,2.4122
NTC,2,117.09,2025-04-09,20,2.4122
NTC,1,162.55,2025-04-11,20,2.4122
NTC,2,123.46,2025-04-22,20,2.4122
NTC,1,173.75,2025-08-12,20,2.4122
NTC,2,136.0,2026-03-26,20,2.4122
NT2,2,17.4,2022-05-23,20,2.8492
NT2,1,23.95,2022-06-17,20,2.8492
NT2,2,17.65,2022-07-11,20,2.8492
NT2,1,26.39,2022-09-27,20,2.8492
NT2,2,16.6,2022-11-16,20,2.8492
NT2,1,29.22,2023-06-05,20,2.8492
NT2,2,16.94,2024-11-12,20,2.8492
NT2,1,20.81,2025-02-14,20,2.8492
NT2,2,15.49,2025-04-09,20,2.8492
NT2,1,29.45,2026-03-02,20,2.8492
NT2,2,22.5,2026-05-15,20,2.8492
ITC,1,11.05,2022-05-23,30,3.9734
ITC,2,7.73,2022-06-21,30,3.9734
ITC,1,15.18,2022-09-23,30,3.9734
ITC,2,5.17,2022-11-16,30,3.9734
ITC,1,9.3,2022-12-05,30,3.9734
ITC,2,6.43,2022-12-27,30,3.9734
ITC,1,15.0,2023-07-28,30,3.9734
ITC,2,8.0,2023-11-01,30,3.9734
ITC,1,12.8,2024-07-11,30,3.9734
ITC,2,8.91,2025-04-09,30,3.9734
ITC,1,18.1,2025-08-19,30,3.9734
ITC,2,10.2,2026-03-23,30,3.9734
NVB,1,35.0,2022-05-23,30,3.9835
NVB,2,12.6,2022-11-16,30,3.9835
NVB,1,21.5,2022-12-29,30,3.9835
NVB,2,13.0,2023-05-30,30,3.9835
NVB,1,17.6,2023-06-06,30,3.9835
NVB,2,8.3,2024-11-18,30,3.9835
NVB,1,13.5,2025-03-21,30,3.9835
NVB,2,9.2,2025-04-22,30,3.9835
NVB,1,19.2,2025-08-21,30,3.9835
NVB,2,10.2,2026-03-09,30,3.9835
NTL,1,9.81,2022-05-23,25,3.6657
NTL,2,5.3,2022-11-16,25,3.6657
NTL,1,25.59,2024-07-12,25,3.6657
NTL,2,11.48,2025-04-09,25,3.6657
NTL,1,21.21,2025-08-15,25,3.6657
NTL,2,15.3,2025-12-16,25,3.6657
NTL,1,19.8,2026-01-06,25,3.6657
